photo_id,subject_id,gender,height_cm,weight_kg,front_path,side_path,bf_pseudo
0d4a9cce6294a2bdc6dae93d0d9c42a8,-5iHTazqnmWBsnUY6ymoCw1kORMymRDaUla1eNOjgvI,male,185.0,82.9,/Users/tacticalcamel/Desktop/DesignProject/data/raw/mask/0d4a9cce6294a2bdc6dae93d0d9c42a8.png,/Users/tacticalcamel/Desktop/DesignProject/data/raw/mask_left/0d4a9cce6294a2bdc6dae93d0d9c42a8.png,24.143344968022532
084a938ea27cfe695205db36f9ad3145,-CQBOT5zSJk5ZYlZ4cgBP2x4lzzLLdPC6sIbhUHYddI,female,158.0,77.4,/Users/tacticalcamel/Desktop/DesignProject/data/raw/mask/084a938ea27cfe695205db36f9ad3145.png,/Users/tacticalcamel/Desktop/DesignProject/data/raw/mask_left/084a938ea27cfe695205db36f9ad3145.png,35.75654571216531
06284964e245e85c88a24e8036f36ddc,-CQBOT5zSJk5ZYlZ4cgBP2x4lzzLLdPC6sIbhUHYddI,female,158.0,77.4,/Users/tacticalcamel/Desktop/DesignProject/data/raw/mask/06284964e245e85c88a24e8036f36ddc.png,/Users/tacticalcamel/Desktop/DesignProject/data/raw/mask_left/06284964e245e85c88a24e8036f36ddc.png,35.75654571216531
00e41e2dfd7b6110d0533280665fc9a2,-brqqjqyO72GBQPYhr5Qop65-BnuAvtFdWj2dLeVrak,male,178.0,71.6,/Users/tacticalcamel/Desktop/DesignProject/data/raw/mask/00e41e2dfd7b6110d0533280665fc9a2.png,/Users/tacticalcamel/Desktop/DesignProject/data/raw/mask_left/00e41e2dfd7b6110d0533280665fc9a2.png,22.340151553160062
043e0f84792df2dc8b55d2fafabec4d6,0D-8Ft39MufsfV1e8PSPutSzSJ4BYLTcQYupqyYs52c,female,156.2,57.9,/Users/tacticalcamel/Desktop/DesignProject/data/raw/mask/043e0f84792df2dc8b55d2fafabec4d6.png,/Users/tacticalcamel/Desktop/DesignProject/data/raw/mask_left/043e0f84792df2dc8b55d2fafabec4d6.png,30.497108781076612
07838cf039c5ca8e0d17c3825cfcdc66,0SyJzPv40sIj4x5bnMVcWLCvMAdjzQIzdn4_rUMwJ8o,male,175.5,89.85,/Users/tacticalcamel/Desktop/DesignProject/data/raw/mask/07838cf039c5ca8e0d17c3825cfcdc66.png,/Users/tacticalcamel/Desktop/DesignProject/data/raw/mask_left/07838cf039c5ca8e0d17c3825cfcdc66.png,28.45085867689317
0b04f95f3472e99ea1c981207599e937,0llUez60571dPHH-iNUKIhyU8RNcRM3u8cJx27lOkkk,female,169.5,63.2,/Users/tacticalcamel/Desktop/DesignProject/data/raw/mask/0b04f95f3472e99ea1c981207599e937.png,/Users/tacticalcamel/Desktop/DesignProject/data/raw/mask_left/0b04f95f3472e99ea1c981207599e937.png,24.697665471071844
06f1ea8825f3af6867cd32df8a3571e3,0wqJ7taytlPRIH9JbcedVeXCM-qNjXS0lJNhCa6uAG8,male,181.75,113.8,/Users/tacticalcamel/Desktop/DesignProject/data/raw/mask/06f1ea8825f3af6867cd32df8a3571e3.png,/Users/tacticalcamel/Desktop/DesignProject/data/raw/mask_left/06f1ea8825f3af6867cd32df8a3571e3.png,29.625181388748956
0471f4df298f55928935aacd2be59d7b,0y4e4KTgGq9H2hcWW9tEQ8bvwYYmAbKm8lVWlSg2l2s,male,166.75,76.9,/Users/tacticalcamel/Desktop/DesignProject/data/raw/mask/0471f4df298f55928935aacd2be59d7b.png,/Users/tacticalcamel/Desktop/DesignProject/data/raw/mask_left/0471f4df298f55928935aacd2be59d7b.png,29.126634718375804
08632570302905702d74fa5e8065a5d8,1EDRp_apkqyIjHTghIXLzqX30_MDFtPqhAYeUyF2tL4,female,161.0,69.9,/Users/tacticalcamel/Desktop/DesignProject/data/raw/mask/08632570302905702d74fa5e8065a5d8.png,/Users/tacticalcamel/Desktop/DesignProject/data/raw/mask_left/08632570302905702d74fa5e8065a5d8.png,32.76786232265519
0a83628753d7e722527429bcf1baaa3c,1obtJV-1XLXVJLmVLYfge5Q3Tj6KBWRz5lCerwj7hqQ,male,185.0,159.75,/Users/tacticalcamel/Desktop/DesignProject/data/raw/mask/0a83628753d7e722527429bcf1baaa3c.png,/Users/tacticalcamel/Desktop/DesignProject/data/raw/mask_left/0a83628753d7e722527429bcf1baaa3c.png,41.48773195829666
0d9619e185d0421de616f25435c1fe71,21AnYyb6w6M1hNj42r0F4nk03t7St_L-JH76UZna6KU,male,186.0,96.3,/Users/tacticalcamel/Desktop/DesignProject/data/raw/mask/0d9619e185d0421de616f25435c1fe71.png,/Users/tacticalcamel/Desktop/DesignProject/data/raw/mask_left/0d9619e185d0421de616f25435c1fe71.png,25.491839971847675
0804929db7e417cf86c113727a3809cd,29NvYTuuEKc1Xrym-L_6TZM91S72J5H3G45mDsFXTnc,male,179.55,95.95,/Users/tacticalcamel/Desktop/DesignProject/data/raw/mask/0804929db7e417cf86c113727a3809cd.png,/Users/tacticalcamel/Desktop/DesignProject/data/raw/mask_left/0804929db7e417cf86c113727a3809cd.png,31.19931280536936
049e2f6c6ca086972310a00143f56697,32pIBnkblYOJm2Rl-OpwpqzwwEPu8CzdWHn1lLH4Pq8,male,167.0,77.3,/Users/tacticalcamel/Desktop/DesignProject/data/raw/mask/049e2f6c6ca086972310a00143f56697.png,/Users/tacticalcamel/Desktop/DesignProject/data/raw/mask_left/049e2f6c6ca086972310a00143f56697.png,27.880434333990813
0c57c3b6153298c601b17f5b0bb8970b,3A5Rcv9or0IWuBb1I_iDlORBsIfkkhLI1j8QK5uP6AE,male,165.0,86.3,/Users/tacticalcamel/Desktop/DesignProject/data/raw/mask/0c57c3b6153298c601b17f5b0bb8970b.png,/Users/tacticalcamel/Desktop/DesignProject/data/raw/mask_left/0c57c3b6153298c601b17f5b0bb8970b.png,33.02408374163762
07ab9b2c2e1af5006beca03ccfd8eb1c,3LJlY5dd1LxDQyqxQtKKevi7R6EeTLOrgG-GB8pP08Q,male,182.0,70.3,/Users/tacticalcamel/Desktop/DesignProject/data/raw/mask/07ab9b2c2e1af5006beca03ccfd8eb1c.png,/Users/tacticalcamel/Desktop/DesignProject/data/raw/mask_left/07ab9b2c2e1af5006beca03ccfd8eb1c.png,21.89856564130386
0b8b88c9a9abeceb321afa6f0416b48e,3VAjyqA7VZJYiY8-2KpTG0pMgxeUi26w4RSXLzz5q6w,female,157.5,49.5,/Users/tacticalcamel/Desktop/DesignProject/data/raw/mask/0b8b88c9a9abeceb321afa6f0416b48e.png,/Users/tacticalcamel/Desktop/DesignProject/data/raw/mask_left/0b8b88c9a9abeceb321afa6f0416b48e.png,26.34210923699201
0c04352beb4c66741b179414518a4cf5,3dexwlFNR0_Q_g3P3X6qYvlJDqalSsaRUSW0Gb9ARxM,male,172.7,80.0,/Users/tacticalcamel/Desktop/DesignProject/data/raw/mask/0c04352beb4c66741b179414518a4cf5.png,/Users/tacticalcamel/Desktop/DesignProject/data/raw/mask_left/0c04352beb4c66741b179414518a4cf5.png,28.42253596027622
0acf802c948af5eaf60f00107e6b3c57,3hxEud0tYwP-4mOjVE_crG2lF3BeamokMusciuCtXEM,male,177.5,72.85,/Users/tacticalcamel/Desktop/DesignProject/data/raw/mask/0acf802c948af5eaf60f00107e6b3c57.png,/Users/tacticalcamel/Desktop/DesignProject/data/raw/mask_left/0acf802c948af5eaf60f00107e6b3c57.png,24.50955955864002
0a78cbb5bde1989be0c81d7a9f008f70,3sB6D9ahz7CjOisVrAIJNqpEfD1lfw0Rb8mSijk1xc8,female,164.7,74.5,/Users/tacticalcamel/Desktop/DesignProject/data/raw/mask/0a78cbb5bde1989be0c81d7a9f008f70.png,/Users/tacticalcamel/Desktop/DesignProject/data/raw/mask_left/0a78cbb5bde1989be0c81d7a9f008f70.png,32.68487331189073
0ced81848d2988c32095ab677562a550,3xVJO9HyrOrQkIXXjdqeHftluBQ_Jkt2Tn748nJt9gk,female,165.2,64.1,/Users/tacticalcamel/Desktop/DesignProject/data/raw/mask/0ced81848d2988c32095ab677562a550.png,/Users/tacticalcamel/Desktop/DesignProject/data/raw/mask_left/0ced81848d2988c32095ab677562a550.png,25.9399072225547
081c764b70905170efc0aaa4d7089b42,4ETJJKC9HNKcvTvC-u5DrkNO9ia7tsMZdnpvVuU2kmc,female,169.0,58.6,/Users/tacticalcamel/Desktop/DesignProject/data/raw/mask/081c764b70905170efc0aaa4d7089b42.png,/Users/tacticalcamel/Desktop/DesignProject/data/raw/mask_left/081c764b70905170efc0aaa4d7089b42.png,25.514996590698964
03c1f83986b5347f071d29b1e22e8577,4ETJJKC9HNKcvTvC-u5DrkNO9ia7tsMZdnpvVuU2kmc,female,169.0,58.6,/Users/tacticalcamel/Desktop/DesignProject/data/raw/mask/03c1f83986b5347f071d29b1e22e8577.png,/Users/tacticalcamel/Desktop/DesignProject/data/raw/mask_left/03c1f83986b5347f071d29b1e22e8577.png,25.514996590698964
078e6b66f8b3aa8b1c00c42a697d0277,4O8aBm6WqK4iZEWaVSE77na_BaO5FzaUWq8yTrb-hS4,female,171.5,60.7,/Users/tacticalcamel/Desktop/DesignProject/data/raw/mask/078e6b66f8b3aa8b1c00c42a697d0277.png,/Users/tacticalcamel/Desktop/DesignProject/data/raw/mask_left/078e6b66f8b3aa8b1c00c42a697d0277.png,25.94917855885702
03b953ddd4eccdf1052b814477add966,4d_X7JZm0gneZC8ffiFtMDo1I7gKKmN0V0ER7YrB8pI,female,160.0,78.1,/Users/tacticalcamel/Desktop/DesignProject/data/raw/mask/03b953ddd4eccdf1052b814477add966.png,/Users/tacticalcamel/Desktop/DesignProject/data/raw/mask_left/03b953ddd4eccdf1052b814477add966.png,35.28075028532691
0904f25147f31b8cc4f5ba1e0bb60b14,4z9kqRwkw3EEXpQm5AQj28m_K4HzCJi32K02uiLQ_Sw,female,160.5,57.0,/Users/tacticalcamel/Desktop/DesignProject/data/raw/mask/0904f25147f31b8cc4f5ba1e0bb60b14.png,/Users/tacticalcamel/Desktop/DesignProject/data/raw/mask_left/0904f25147f31b8cc4f5ba1e0bb60b14.png,28.44686979135497
0a603b774953fdc4ff904046fbe08789,59bc2758681516389ccf4064,female,182.2,109.5,/Users/tacticalcamel/Desktop/DesignProject/data/raw/mask/0a603b774953fdc4ff904046fbe08789.png,/Users/tacticalcamel/Desktop/DesignProject/data/raw/mask_left/0a603b774953fdc4ff904046fbe08789.png,32.68438660191418
080acc8fe1b480a6e78cc7e12b2b0674,59bc2758681516389ccf4071,female,159.05,131.1,/Users/tacticalcamel/Desktop/DesignProject/data/raw/mask/080acc8fe1b480a6e78cc7e12b2b0674.png,/Users/tacticalcamel/Desktop/DesignProject/data/raw/mask_left/080acc8fe1b480a6e78cc7e12b2b0674.png,54.564952493729066
0c40850ea8514316a1f85000c46b0dd8,59bc2758681516389ccf4071,female,159.05,131.1,/Users/tacticalcamel/Desktop/DesignProject/data/raw/mask/0c40850ea8514316a1f85000c46b0dd8.png,/Users/tacticalcamel/Desktop/DesignProject/data/raw/mask_left/0c40850ea8514316a1f85000c46b0dd8.png,54.564952493729066
04c1e42250a9459278422e0ed48c2776,59bc2758681516389ccf4077,female,167.95,87.45,/Users/tacticalcamel/Desktop/DesignProject/data/raw/mask/04c1e42250a9459278422e0ed48c2776.png,/Users/tacticalcamel/Desktop/DesignProject/data/raw/mask_left/04c1e42250a9459278422e0ed48c2776.png,35.22611072722404
06e45b55f5adde24e3a9f636a4419acc,59bc275a681516389ccf40d8,female,156.65,124.7,/Users/tacticalcamel/Desktop/DesignProject/data/raw/mask/06e45b55f5adde24e3a9f636a4419acc.png,/Users/tacticalcamel/Desktop/DesignProject/data/raw/mask_left/06e45b55f5adde24e3a9f636a4419acc.png,58.225544158386114
0b16380bc9ca269804868f718dd6ff95,59bc275c681516389ccf4180,female,160.3,103.4,/Users/tacticalcamel/Desktop/DesignProject/data/raw/mask/0b16380bc9ca269804868f718dd6ff95.png,/Users/tacticalcamel/Desktop/DesignProject/data/raw/mask_left/0b16380bc9ca269804868f718dd6ff95.png,45.662059515793295
08edf08c12fcf48e46b3e1971e2fb3fc,59bc275c681516389ccf41a4,female,168.05,90.8,/Users/tacticalcamel/Desktop/DesignProject/data/raw/mask/08edf08c12fcf48e46b3e1971e2fb3fc.png,/Users/tacticalcamel/Desktop/DesignProject/data/raw/mask_left/08edf08c12fcf48e46b3e1971e2fb3fc.png,38.7816878124897
0a106bdbef36f07eff3015993baddb77,59bc275c681516389ccf41a4,female,168.05,90.8,/Users/tacticalcamel/Desktop/DesignProject/data/raw/mask/0a106bdbef36f07eff3015993baddb77.png,/Users/tacticalcamel/Desktop/DesignProject/data/raw/mask_left/0a106bdbef36f07eff3015993baddb77.png,38.7816878124897
067432336ed417450d020c7d73ef9dc2,59bc275d681516389ccf41e4,female,162.2,87.8,/Users/tacticalcamel/Desktop/DesignProject/data/raw/mask/067432336ed417450d020c7d73ef9dc2.png,/Users/tacticalcamel/Desktop/DesignProject/data/raw/mask_left/067432336ed417450d020c7d73ef9dc2.png,38.212378394572305
0c7d6cc8bb7506aa119f85570306897e,59bc275d681516389ccf41f6,female,159.5,84.5,/Users/tacticalcamel/Desktop/DesignProject/data/raw/mask/0c7d6cc8bb7506aa119f85570306897e.png,/Users/tacticalcamel/Desktop/DesignProject/data/raw/mask_left/0c7d6cc8bb7506aa119f85570306897e.png,38.3722132058806
03fae319b61295cae7dd52675b9d3c0e,59bc275d681516389ccf420b,female,153.5,91.6,/Users/tacticalcamel/Desktop/DesignProject/data/raw/mask/03fae319b61295cae7dd52675b9d3c0e.png,/Users/tacticalcamel/Desktop/DesignProject/data/raw/mask_left/03fae319b61295cae7dd52675b9d3c0e.png,43.67082333737618
09eeab1cf8ec6752583b934f5f5454e8,59bc275d681516389ccf4220,female,176.0,94.8,/Users/tacticalcamel/Desktop/DesignProject/data/raw/mask/09eeab1cf8ec6752583b934f5f5454e8.png,/Users/tacticalcamel/Desktop/DesignProject/data/raw/mask_left/09eeab1cf8ec6752583b934f5f5454e8.png,31.82297478923698
015a93aa9265f25f7033402ec8e3652a,59bc2760681516389ccf4333,female,161.5,47.8,/Users/tacticalcamel/Desktop/DesignProject/data/raw/mask/015a93aa9265f25f7033402ec8e3652a.png,/Users/tacticalcamel/Desktop/DesignProject/data/raw/mask_left/015a93aa9265f25f7033402ec8e3652a.png,25.14155310977587
0665da56f8dbfcb15dc2719bbbcf0687,59bc2760681516389ccf4333,female,161.5,47.8,/Users/tacticalcamel/Desktop/DesignProject/data/raw/mask/0665da56f8dbfcb15dc2719bbbcf0687.png,/Users/tacticalcamel/Desktop/DesignProject/data/raw/mask_left/0665da56f8dbfcb15dc2719bbbcf0687.png,25.14155310977587
08cd22497989b5491b0922c097c8095a,59bc2764681516389ccf449b,female,168.15,84.5,/Users/tacticalcamel/Desktop/DesignProject/data/raw/mask/08cd22497989b5491b0922c097c8095a.png,/Users/tacticalcamel/Desktop/DesignProject/data/raw/mask_left/08cd22497989b5491b0922c097c8095a.png,34.385510824771536
07b8cd30daae23f6b1b9280f8c2212f6,59bc2764681516389ccf44c2,female,152.0,66.8,/Users/tacticalcamel/Desktop/DesignProject/data/raw/mask/07b8cd30daae23f6b1b9280f8c2212f6.png,/Users/tacticalcamel/Desktop/DesignProject/data/raw/mask_left/07b8cd30daae23f6b1b9280f8c2212f6.png,35.11329741335138
01b52f95df5c9b96e509db11bedc3d5b,59bc2764681516389ccf44c2,female,152.0,66.8,/Users/tacticalcamel/Desktop/DesignProject/data/raw/mask/01b52f95df5c9b96e509db11bedc3d5b.png,/Users/tacticalcamel/Desktop/DesignProject/data/raw/mask_left/01b52f95df5c9b96e509db11bedc3d5b.png,35.11329741335138
08c51c607cd17e5b8da9c746178858e6,59bc2765681516389ccf4551,female,161.4,104.8,/Users/tacticalcamel/Desktop/DesignProject/data/raw/mask/08c51c607cd17e5b8da9c746178858e6.png,/Users/tacticalcamel/Desktop/DesignProject/data/raw/mask_left/08c51c607cd17e5b8da9c746178858e6.png,41.94100362750519
09bd430b26bf7e8939ba9e37823dd877,59bc2766681516389ccf456d,male,172.0,104.4,/Users/tacticalcamel/Desktop/DesignProject/data/raw/mask/09bd430b26bf7e8939ba9e37823dd877.png,/Users/tacticalcamel/Desktop/DesignProject/data/raw/mask_left/09bd430b26bf7e8939ba9e37823dd877.png,35.5937132537692
06a764e280828cd424205a5227b4138e,59bc2766681516389ccf45a2,male,165.1,69.6,/Users/tacticalcamel/Desktop/DesignProject/data/raw/mask/06a764e280828cd424205a5227b4138e.png,/Users/tacticalcamel/Desktop/DesignProject/data/raw/mask_left/06a764e280828cd424205a5227b4138e.png,30.191664713465556
003d4db18f3359c8ed8410817b726539,59bc2767681516389ccf45c9,male,181.9,109.1,/Users/tacticalcamel/Desktop/DesignProject/data/raw/mask/003d4db18f3359c8ed8410817b726539.png,/Users/tacticalcamel/Desktop/DesignProject/data/raw/mask_left/003d4db18f3359c8ed8410817b726539.png,31.742788756349533
016a974731334cbdb587c6a9c12527b4,59bc2767681516389ccf45e0,female,172.05,62.2,/Users/tacticalcamel/Desktop/DesignProject/data/raw/mask/016a974731334cbdb587c6a9c12527b4.png,/Users/tacticalcamel/Desktop/DesignProject/data/raw/mask_left/016a974731334cbdb587c6a9c12527b4.png,24.338328575780174
0d7576af9fa91e149a2707b92fa3525e,59bc2767681516389ccf45e0,female,172.05,62.2,/Users/tacticalcamel/Desktop/DesignProject/data/raw/mask/0d7576af9fa91e149a2707b92fa3525e.png,/Users/tacticalcamel/Desktop/DesignProject/data/raw/mask_left/0d7576af9fa91e149a2707b92fa3525e.png,24.338328575780174
0d041ffd4c4773b5066c5059c7859117,59bc2767681516389ccf45ec,female,164.2,53.4,/Users/tacticalcamel/Desktop/DesignProject/data/raw/mask/0d041ffd4c4773b5066c5059c7859117.png,/Users/tacticalcamel/Desktop/DesignProject/data/raw/mask_left/0d041ffd4c4773b5066c5059c7859117.png,26.033499142490896
0ac04adb9fbcdc66301e2ee3e5adcdcb,59bc2767681516389ccf45f9,male,174.8,106.9,/Users/tacticalcamel/Desktop/DesignProject/data/raw/mask/0ac04adb9fbcdc66301e2ee3e5adcdcb.png,/Users/tacticalcamel/Desktop/DesignProject/data/raw/mask_left/0ac04adb9fbcdc66301e2ee3e5adcdcb.png,33.4991456186664
0ce4ff10e43be9b75a7f65dbae5c356f,59bc2768681516389ccf4683,male,174.65,65.8,/Users/tacticalcamel/Desktop/DesignProject/data/raw/mask/0ce4ff10e43be9b75a7f65dbae5c356f.png,/Users/tacticalcamel/Desktop/DesignProject/data/raw/mask_left/0ce4ff10e43be9b75a7f65dbae5c356f.png,21.178497402208563
0caabd8260f5aae50dfb6c9131180dc9,59bc2769681516389ccf469e,male,168.5,67.6,/Users/tacticalcamel/Desktop/DesignProject/data/raw/mask/0caabd8260f5aae50dfb6c9131180dc9.png,/Users/tacticalcamel/Desktop/DesignProject/data/raw/mask_left/0caabd8260f5aae50dfb6c9131180dc9.png,28.19466036712388
052b7e059ec26b5329054dbf4cd3ec55,59bc276e681516389ccf4844,female,165.0,65.1,/Users/tacticalcamel/Desktop/DesignProject/data/raw/mask/052b7e059ec26b5329054dbf4cd3ec55.png,/Users/tacticalcamel/Desktop/DesignProject/data/raw/mask_left/052b7e059ec26b5329054dbf4cd3ec55.png,29.654547247392692
03f78a14c316d5b747f29b2709173019,59bc276e681516389ccf485c,female,166.5,55.0,/Users/tacticalcamel/Desktop/DesignProject/data/raw/mask/03f78a14c316d5b747f29b2709173019.png,/Users/tacticalcamel/Desktop/DesignProject/data/raw/mask_left/03f78a14c316d5b747f29b2709173019.png,24.521909452384698
0bf690034c82135d188815bf2fc6c2d5,59bc276e681516389ccf4871,female,156.5,51.2,/Users/tacticalcamel/Desktop/DesignProject/data/raw/mask/0bf690034c82135d188815bf2fc6c2d5.png,/Users/tacticalcamel/Desktop/DesignProject/data/raw/mask_left/0bf690034c82135d188815bf2fc6c2d5.png,31.74373136596634
0504222db0ed524f013971eae7b7973f,59bc276f681516389ccf48b6,male,176.45,70.7,/Users/tacticalcamel/Desktop/DesignProject/data/raw/mask/0504222db0ed524f013971eae7b7973f.png,/Users/tacticalcamel/Desktop/DesignProject/data/raw/mask_left/0504222db0ed524f013971eae7b7973f.png,24.45118528962297
08a84e5302bc2a212b8fbb69b27afeb2,59bc2770681516389ccf490a,male,182.05,73.4,/Users/tacticalcamel/Desktop/DesignProject/data/raw/mask/08a84e5302bc2a212b8fbb69b27afeb2.png,/Users/tacticalcamel/Desktop/DesignProject/data/raw/mask_left/08a84e5302bc2a212b8fbb69b27afeb2.png,21.727480904163087
09ab1de2320fe3497769c7d6a8b963da,59bc2770681516389ccf490a,male,182.05,73.4,/Users/tacticalcamel/Desktop/DesignProject/data/raw/mask/09ab1de2320fe3497769c7d6a8b963da.png,/Users/tacticalcamel/Desktop/DesignProject/data/raw/mask_left/09ab1de2320fe3497769c7d6a8b963da.png,21.727480904163087
05d04bb91809cb2084cfdb32f12868b5,59bc2770681516389ccf490a,male,182.05,73.4,/Users/tacticalcamel/Desktop/DesignProject/data/raw/mask/05d04bb91809cb2084cfdb32f12868b5.png,/Users/tacticalcamel/Desktop/DesignProject/data/raw/mask_left/05d04bb91809cb2084cfdb32f12868b5.png,21.727480904163087
03fb2d286d459c230006a332d14f71b4,59bc2770681516389ccf4940,female,160.1,61.2,/Users/tacticalcamel/Desktop/DesignProject/data/raw/mask/03fb2d286d459c230006a332d14f71b4.png,/Users/tacticalcamel/Desktop/DesignProject/data/raw/mask_left/03fb2d286d459c230006a332d14f71b4.png,30.047232826401682
006269330d4250ea76578c935d09b700,59bc2770681516389ccf494c,female,166.05,73.4,/Users/tacticalcamel/Desktop/DesignProject/data/raw/mask/006269330d4250ea76578c935d09b700.png,/Users/tacticalcamel/Desktop/DesignProject/data/raw/mask_left/006269330d4250ea76578c935d09b700.png,32.74881603669531
07e1ad567cf1af383e236e9880011a74,5Sa-DtWIegdnuFlkBMNWXCAiuLX9ghXrmsULAkjPSGA,male,166.5,60.4,/Users/tacticalcamel/Desktop/DesignProject/data/raw/mask/07e1ad567cf1af383e236e9880011a74.png,/Users/tacticalcamel/Desktop/DesignProject/data/raw/mask_left/07e1ad567cf1af383e236e9880011a74.png,24.833625632715837
030ef1c4c2470832c99b5ae6655af58c,5a1eef5e9f17b800040cc789,male,172.25,50.85,/Users/tacticalcamel/Desktop/DesignProject/data/raw/mask/030ef1c4c2470832c99b5ae6655af58c.png,/Users/tacticalcamel/Desktop/DesignProject/data/raw/mask_left/030ef1c4c2470832c99b5ae6655af58c.png,20.692838448430912
07ff1d0aef9d5190e92cca6d1b588d08,5a1f03069f17b800040cc7c0,male,180.1,87.3,/Users/tacticalcamel/Desktop/DesignProject/data/raw/mask/07ff1d0aef9d5190e92cca6d1b588d08.png,/Users/tacticalcamel/Desktop/DesignProject/data/raw/mask_left/07ff1d0aef9d5190e92cca6d1b588d08.png,25.643336202730502
0483694f1c63c7249d65d757dd2d3d07,5a1f03069f17b800040cc7c0,male,180.1,87.3,/Users/tacticalcamel/Desktop/DesignProject/data/raw/mask/0483694f1c63c7249d65d757dd2d3d07.png,/Users/tacticalcamel/Desktop/DesignProject/data/raw/mask_left/0483694f1c63c7249d65d757dd2d3d07.png,25.643336202730502
0699770d4d3727e1f6cc71131b3407f4,5wUPgA8JvIpwTirQOuB8m-lCcx1WzAlUEKu9OO3jpH8,male,193.0,96.3,/Users/tacticalcamel/Desktop/DesignProject/data/raw/mask/0699770d4d3727e1f6cc71131b3407f4.png,/Users/tacticalcamel/Desktop/DesignProject/data/raw/mask_left/0699770d4d3727e1f6cc71131b3407f4.png,22.15840612326469
0c72cb743b36d5df45809f79b51d27f6,5xeQ-uqP6BgtbcnLsHxXy5TkKQ_C1BMlVC-QZqOCWkY,male,176.5,72.6,/Users/tacticalcamel/Desktop/DesignProject/data/raw/mask/0c72cb743b36d5df45809f79b51d27f6.png,/Users/tacticalcamel/Desktop/DesignProject/data/raw/mask_left/0c72cb743b36d5df45809f79b51d27f6.png,27.192617999383337
02fc12013b666d5dd8ae3342ffc1658b,65UyB8JMCYFMX-M8OoS8ux5lzr52EmO7TKJ9o4v8ESs,female,160.5,60.7,/Users/tacticalcamel/Desktop/DesignProject/data/raw/mask/02fc12013b666d5dd8ae3342ffc1658b.png,/Users/tacticalcamel/Desktop/DesignProject/data/raw/mask_left/02fc12013b666d5dd8ae3342ffc1658b.png,31.336926778447044
04ca320d904cc0beac5560cf6c2d6edd,6CxHzwqW23eLWqsWrQuJbwr9UWlo7pv87YqZTFiWxws,female,164.5,48.5,/Users/tacticalcamel/Desktop/DesignProject/data/raw/mask/04ca320d904cc0beac5560cf6c2d6edd.png,/Users/tacticalcamel/Desktop/DesignProject/data/raw/mask_left/04ca320d904cc0beac5560cf6c2d6edd.png,23.08071352591633
050b324c4425dc9f5ecb0e34a0c123ae,6DyKMxQrUO8OJstSulWISLqB6oXt3KWHnwMacXGfiDc,female,156.75,124.25,/Users/tacticalcamel/Desktop/DesignProject/data/raw/mask/050b324c4425dc9f5ecb0e34a0c123ae.png,/Users/tacticalcamel/Desktop/DesignProject/data/raw/mask_left/050b324c4425dc9f5ecb0e34a0c123ae.png,56.00293937110794
01ec2085a12d883610f6bddf662d43aa,6E-ijOCvyEWroi8EYl2I51eU-NBOYt0LlieQHYeasx8,male,173.5,76.6,/Users/tacticalcamel/Desktop/DesignProject/data/raw/mask/01ec2085a12d883610f6bddf662d43aa.png,/Users/tacticalcamel/Desktop/DesignProject/data/raw/mask_left/01ec2085a12d883610f6bddf662d43aa.png,25.637036769321703
0bed0dfee690d94d94172675a1387321,6VI1vtQ3Izv-Ccfa_SZqTvPvCeS1K1PMnpYKrKKL370,male,186.1,80.3,/Users/tacticalcamel/Desktop/DesignProject/data/raw/mask/0bed0dfee690d94d94172675a1387321.png,/Users/tacticalcamel/Desktop/DesignProject/data/raw/mask_left/0bed0dfee690d94d94172675a1387321.png,22.84992188648836
01bdf71817337f95176d224eff873782,6dgaZt1ui9mX2B_vimJ5yfk9S1jGnYvmLavPlN3bWDE,male,171.5,63.8,/Users/tacticalcamel/Desktop/DesignProject/data/raw/mask/01bdf71817337f95176d224eff873782.png,/Users/tacticalcamel/Desktop/DesignProject/data/raw/mask_left/01bdf71817337f95176d224eff873782.png,24.739711904036312
0508ce41ce91957a114985abe4c4ca34,6dgaZt1ui9mX2B_vimJ5yfk9S1jGnYvmLavPlN3bWDE,male,171.5,63.8,/Users/tacticalcamel/Desktop/DesignProject/data/raw/mask/0508ce41ce91957a114985abe4c4ca34.png,/Users/tacticalcamel/Desktop/DesignProject/data/raw/mask_left/0508ce41ce91957a114985abe4c4ca34.png,24.739711904036312
0cd4afb56ddea190206ad70ab7be8b89,6hQEpAyrUfCQudE4eKvFP1w_0VuqsO3PeA4xnmk_fhA,male,169.2,66.15,/Users/tacticalcamel/Desktop/DesignProject/data/raw/mask/0cd4afb56ddea190206ad70ab7be8b89.png,/Users/tacticalcamel/Desktop/DesignProject/data/raw/mask_left/0cd4afb56ddea190206ad70ab7be8b89.png,24.69001224244063
09a7bfc1d5cf869911b452a5ba1c6124,6pSoYMGobKGaplxJ9bYxiH_b0bpbbF-idqM7990uPYE,female,154.3,44.5,/Users/tacticalcamel/Desktop/DesignProject/data/raw/mask/09a7bfc1d5cf869911b452a5ba1c6124.png,/Users/tacticalcamel/Desktop/DesignProject/data/raw/mask_left/09a7bfc1d5cf869911b452a5ba1c6124.png,26.811283555353953
0137443ba49903cceede13e710c77634,76mo2dUguqyOIGL4bac3EyH7z3vFLMknog1q_Q5RMio,male,190.0,95.4,/Users/tacticalcamel/Desktop/DesignProject/data/raw/mask/0137443ba49903cceede13e710c77634.png,/Users/tacticalcamel/Desktop/DesignProject/data/raw/mask_left/0137443ba49903cceede13e710c77634.png,24.712470739923766
0b8fa4d88d8a238a483d382b8f787372,7McuSPbjJDQZAl-MIhD3mwI9s0PWZxcD2COwRLwRxJM,female,154.5,56.2,/Users/tacticalcamel/Desktop/DesignProject/data/raw/mask/0b8fa4d88d8a238a483d382b8f787372.png,/Users/tacticalcamel/Desktop/DesignProject/data/raw/mask_left/0b8fa4d88d8a238a483d382b8f787372.png,31.485878231213448
0aac68fa8fdd5d84c799f5cf69d53d71,7VkUDq6eoe2eyJvVoFzQ4kvNuwMADp2pfZ_sJjy1GAI,male,182.0,76.6,/Users/tacticalcamel/Desktop/DesignProject/data/raw/mask/0aac68fa8fdd5d84c799f5cf69d53d71.png,/Users/tacticalcamel/Desktop/DesignProject/data/raw/mask_left/0aac68fa8fdd5d84c799f5cf69d53d71.png,23.541437922259576
00f1d9af65333bedb6bbd77d49171ff4,7ZYlxTERmHBIDp2DG-eUiSEMowbgMvn47rv5cU-lKMs,female,163.5,79.5,/Users/tacticalcamel/Desktop/DesignProject/data/raw/mask/00f1d9af65333bedb6bbd77d49171ff4.png,/Users/tacticalcamel/Desktop/DesignProject/data/raw/mask_left/00f1d9af65333bedb6bbd77d49171ff4.png,36.693064807313256
04121a94c9566505f87ae382273a8235,7mgSbfdN81TCQtwOQXhAGRssOOq5Y32vBIJDr_uRE8g,male,173.45,113.0,/Users/tacticalcamel/Desktop/DesignProject/data/raw/mask/04121a94c9566505f87ae382273a8235.png,/Users/tacticalcamel/Desktop/DesignProject/data/raw/mask_left/04121a94c9566505f87ae382273a8235.png,32.526866159046406
01e3ce18c227e7a0b07deb28173a7578,8JjFTu3rC8kbvRBnU-bPDeDSrLxKghNWrntdXKv5FCw,male,182.15,137.65,/Users/tacticalcamel/Desktop/DesignProject/data/raw/mask/01e3ce18c227e7a0b07deb28173a7578.png,/Users/tacticalcamel/Desktop/DesignProject/data/raw/mask_left/01e3ce18c227e7a0b07deb28173a7578.png,34.08373710458235
0bc77bb6478d5299d03a505b93caedc3,8_NeFeMY4mHqhfRnmfSscbTTByzF7e5kO78ewuBIvtg,female,171.0,76.1,/Users/tacticalcamel/Desktop/DesignProject/data/raw/mask/0bc77bb6478d5299d03a505b93caedc3.png,/Users/tacticalcamel/Desktop/DesignProject/data/raw/mask_left/0bc77bb6478d5299d03a505b93caedc3.png,30.717552204003766
089ffa3e458c624ef0c2510c857fa1cd,8_NeFeMY4mHqhfRnmfSscbTTByzF7e5kO78ewuBIvtg,female,171.0,76.1,/Users/tacticalcamel/Desktop/DesignProject/data/raw/mask/089ffa3e458c624ef0c2510c857fa1cd.png,/Users/tacticalcamel/Desktop/DesignProject/data/raw/mask_left/089ffa3e458c624ef0c2510c857fa1cd.png,30.717552204003766
051ead3c068b0ee0e22981e9f64f0963,8ihJtq2eo1xEMbVx1nioChqxCCPS6gQb-nzd9lm44kU,female,160.0,57.0,/Users/tacticalcamel/Desktop/DesignProject/data/raw/mask/051ead3c068b0ee0e22981e9f64f0963.png,/Users/tacticalcamel/Desktop/DesignProject/data/raw/mask_left/051ead3c068b0ee0e22981e9f64f0963.png,28.3738872295475
00f0c3ff479a6b27658d147ac8f002fb,8ihJtq2eo1xEMbVx1nioChqxCCPS6gQb-nzd9lm44kU,female,160.0,57.0,/Users/tacticalcamel/Desktop/DesignProject/data/raw/mask/00f0c3ff479a6b27658d147ac8f002fb.png,/Users/tacticalcamel/Desktop/DesignProject/data/raw/mask_left/00f0c3ff479a6b27658d147ac8f002fb.png,28.3738872295475
0abbdd1dc3254c8ceccd2573db377920,8lrTWVmtwtJGPW_DSzp4TFHjNcFRAs7IJczSOvygXpI,female,156.0,63.1,/Users/tacticalcamel/Desktop/DesignProject/data/raw/mask/0abbdd1dc3254c8ceccd2573db377920.png,/Users/tacticalcamel/Desktop/DesignProject/data/raw/mask_left/0abbdd1dc3254c8ceccd2573db377920.png,33.05965038056987
0d4a37b1a4f3c3472c33bf6fef730999,8lxaWmIA2HafxRaIenM0WIV2MrBYIF7jB9A3rU-Ewq0,male,173.5,68.2,/Users/tacticalcamel/Desktop/DesignProject/data/raw/mask/0d4a37b1a4f3c3472c33bf6fef730999.png,/Users/tacticalcamel/Desktop/DesignProject/data/raw/mask_left/0d4a37b1a4f3c3472c33bf6fef730999.png,23.297546116831285
073a2e9f5b21609553cfd1ef10e5817f,9Jcfu5TiBNhAQuyvzg-vEbQrKnq90fAEKiS4iY8sS4I,male,172.1,68.35,/Users/tacticalcamel/Desktop/DesignProject/data/raw/mask/073a2e9f5b21609553cfd1ef10e5817f.png,/Users/tacticalcamel/Desktop/DesignProject/data/raw/mask_left/073a2e9f5b21609553cfd1ef10e5817f.png,23.993573191941834
033cbc0bd426984172b57b0be76201b3,9LL3l-OUpvVhNF3R6QYQyT3CuHu-MCC6p3xNFk8r0eo,male,191.0,101.25,/Users/tacticalcamel/Desktop/DesignProject/data/raw/mask/033cbc0bd426984172b57b0be76201b3.png,/Users/tacticalcamel/Desktop/DesignProject/data/raw/mask_left/033cbc0bd426984172b57b0be76201b3.png,24.527523740026545
0467c9e24375f921c3ac34fab4949942,9LL3l-OUpvVhNF3R6QYQyT3CuHu-MCC6p3xNFk8r0eo,male,191.0,101.25,/Users/tacticalcamel/Desktop/DesignProject/data/raw/mask/0467c9e24375f921c3ac34fab4949942.png,/Users/tacticalcamel/Desktop/DesignProject/data/raw/mask_left/0467c9e24375f921c3ac34fab4949942.png,24.527523740026545
00f990c2bc7c8e9fab68aa0f0b8ddb3f,9PSYt1QA1V2LuUeB87QfewhVngE7TcysOfWIMO5ElTg,male,179.5,67.2,/Users/tacticalcamel/Desktop/DesignProject/data/raw/mask/00f990c2bc7c8e9fab68aa0f0b8ddb3f.png,/Users/tacticalcamel/Desktop/DesignProject/data/raw/mask_left/00f990c2bc7c8e9fab68aa0f0b8ddb3f.png,22.4120328231378
001f3a88501980a5eca6f6346a0ca8d9,9qVCJoXCAJwZaC9u5-kXG26GlA3JmoMw92Rp5oiVEg4,female,153.6,59.2,/Users/tacticalcamel/Desktop/DesignProject/data/raw/mask/001f3a88501980a5eca6f6346a0ca8d9.png,/Users/tacticalcamel/Desktop/DesignProject/data/raw/mask_left/001f3a88501980a5eca6f6346a0ca8d9.png,33.56468072448071
088ebf237aa59e8094bfeebe49f9ab4a,AJrINvKEvx1BaOMF9r23zwKdD9tfkHY4jSO3GyImELQ,female,161.85,63.95,/Users/tacticalcamel/Desktop/DesignProject/data/raw/mask/088ebf237aa59e8094bfeebe49f9ab4a.png,/Users/tacticalcamel/Desktop/DesignProject/data/raw/mask_left/088ebf237aa59e8094bfeebe49f9ab4a.png,28.67291328101203
0b76da5015c803aa52d261c68ef80d2d,AR_VQJJ8t4DkdPQ-W-FXVWbnX-gzSCpFp_uR-L9oQck,male,164.5,76.6,/Users/tacticalcamel/Desktop/DesignProject/data/raw/mask/0b76da5015c803aa52d261c68ef80d2d.png,/Users/tacticalcamel/Desktop/DesignProject/data/raw/mask_left/0b76da5015c803aa52d261c68ef80d2d.png,30.152436611620395
0646b203554ad6151c04cbb32490ca34,AYTfYEz3WD-XDPEqz4dwBmf_kEM8aL1V3rC8IaXKhFY,female,168.5,57.1,/Users/tacticalcamel/Desktop/DesignProject/data/raw/mask/0646b203554ad6151c04cbb32490ca34.png,/Users/tacticalcamel/Desktop/DesignProject/data/raw/mask_left/0646b203554ad6151c04cbb32490ca34.png,24.1855205092074
095069c883b63791487728742a523807,ApDFanKIPc6JqHd_e9JRDA9_V-Th51KFbTd5PhChc2o,male,169.5,78.25,/Users/tacticalcamel/Desktop/DesignProject/data/raw/mask/095069c883b63791487728742a523807.png,/Users/tacticalcamel/Desktop/DesignProject/data/raw/mask_left/095069c883b63791487728742a523807.png,26.77558871987258
04e8425eee9f5c769ad8430ebb8b79d4,BsfJzTZxaGixB_zWMI7Cy7JNn8EAkY0gRBq12NeV33g,female,171.6,55.45,/Users/tacticalcamel/Desktop/DesignProject/data/raw/mask/04e8425eee9f5c769ad8430ebb8b79d4.png,/Users/tacticalcamel/Desktop/DesignProject/data/raw/mask_left/04e8425eee9f5c769ad8430ebb8b79d4.png,23.704746944102943
0398cf57d6de526ed721d5a9b5bd908d,CM-k2sWlxOSS_H9bXQ268_o8gAVOdk6nsVPBJyWO8rM,female,149.6,68.1,/Users/tacticalcamel/Desktop/DesignProject/data/raw/mask/0398cf57d6de526ed721d5a9b5bd908d.png,/Users/tacticalcamel/Desktop/DesignProject/data/raw/mask_left/0398cf57d6de526ed721d5a9b5bd908d.png,37.49283771702602
05b19174e300ef525e78dac3e90758be,CQTWLTURUfrFSLu817NgNE1iiCTWgrsWsRxz4ZU61-k,male,179.0,74.2,/Users/tacticalcamel/Desktop/DesignProject/data/raw/mask/05b19174e300ef525e78dac3e90758be.png,/Users/tacticalcamel/Desktop/DesignProject/data/raw/mask_left/05b19174e300ef525e78dac3e90758be.png,24.37622952185943
05feab8b556ff72ef100dfbc0c0f1434,CWsXWbzlcZWuDV5IIDEaDHbnuu3RkVNWL-b6PfNcTww,male,184.0,92.5,/Users/tacticalcamel/Desktop/DesignProject/data/raw/mask/05feab8b556ff72ef100dfbc0c0f1434.png,/Users/tacticalcamel/Desktop/DesignProject/data/raw/mask_left/05feab8b556ff72ef100dfbc0c0f1434.png,24.648181986562406
0a5781c1d28a2d641f06411e110cc9a2,CigWnxFs_t9NJNTzq7PMdcO6162RK6ETpwLtHG31qbE,female,164.5,57.1,/Users/tacticalcamel/Desktop/DesignProject/data/raw/mask/0a5781c1d28a2d641f06411e110cc9a2.png,/Users/tacticalcamel/Desktop/DesignProject/data/raw/mask_left/0a5781c1d28a2d641f06411e110cc9a2.png,28.107832102853116
071e71f599f0e5c89928bb3faa33900b,CigWnxFs_t9NJNTzq7PMdcO6162RK6ETpwLtHG31qbE,female,164.5,57.1,/Users/tacticalcamel/Desktop/DesignProject/data/raw/mask/071e71f599f0e5c89928bb3faa33900b.png,/Users/tacticalcamel/Desktop/DesignProject/data/raw/mask_left/071e71f599f0e5c89928bb3faa33900b.png,28.107832102853116
0023f967e5089c95ae22c43e25b2cef1,Cs-o0pke1roKv1voqw9fRI46nKhiUxqh2Ai_HQPSc0w,male,172.0,61.0,/Users/tacticalcamel/Desktop/DesignProject/data/raw/mask/0023f967e5089c95ae22c43e25b2cef1.png,/Users/tacticalcamel/Desktop/DesignProject/data/raw/mask_left/0023f967e5089c95ae22c43e25b2cef1.png,22.757778721615033
03e5aed6f09cf36a6b9e72d141322023,Cs-o0pke1roKv1voqw9fRI46nKhiUxqh2Ai_HQPSc0w,male,172.0,61.0,/Users/tacticalcamel/Desktop/DesignProject/data/raw/mask/03e5aed6f09cf36a6b9e72d141322023.png,/Users/tacticalcamel/Desktop/DesignProject/data/raw/mask_left/03e5aed6f09cf36a6b9e72d141322023.png,22.757778721615033
0467a051b0514f99ad90a84fd357f52d,D5MgCWoXZKaws5pwM3efCY4J9t83gTcdmS5xWrTg-y0,male,171.5,77.7,/Users/tacticalcamel/Desktop/DesignProject/data/raw/mask/0467a051b0514f99ad90a84fd357f52d.png,/Users/tacticalcamel/Desktop/DesignProject/data/raw/mask_left/0467a051b0514f99ad90a84fd357f52d.png,27.249786375366533
0825898edf6a31f74fed0c56274b7207,D5MxWVqkLBI5d_PXrkDBVQF0KdH11UceoNFdxhby5Lo,male,181.25,83.7,/Users/tacticalcamel/Desktop/DesignProject/data/raw/mask/0825898edf6a31f74fed0c56274b7207.png,/Users/tacticalcamel/Desktop/DesignProject/data/raw/mask_left/0825898edf6a31f74fed0c56274b7207.png,25.467823143140997
013f966ffdec4f00a1de9496b3bb14c7,DQNsw4euv6SnrLFmtGP7bulvghA0_pMCJ3xGK-s-rwA,male,173.0,70.3,/Users/tacticalcamel/Desktop/DesignProject/data/raw/mask/013f966ffdec4f00a1de9496b3bb14c7.png,/Users/tacticalcamel/Desktop/DesignProject/data/raw/mask_left/013f966ffdec4f00a1de9496b3bb14c7.png,24.011931486369733
0122fc59d2e51f43615c3f4b4b95589a,DoCDz-OXvZTOsLd_FeNcKDJ8P3TeHgw0z6dYdBVYiZs,male,189.5,85.15,/Users/tacticalcamel/Desktop/DesignProject/data/raw/mask/0122fc59d2e51f43615c3f4b4b95589a.png,/Users/tacticalcamel/Desktop/DesignProject/data/raw/mask_left/0122fc59d2e51f43615c3f4b4b95589a.png,21.39415500908939
066c79e9179162fbbb12d0d103ffcdc5,DoCDz-OXvZTOsLd_FeNcKDJ8P3TeHgw0z6dYdBVYiZs,male,189.5,85.15,/Users/tacticalcamel/Desktop/DesignProject/data/raw/mask/066c79e9179162fbbb12d0d103ffcdc5.png,/Users/tacticalcamel/Desktop/DesignProject/data/raw/mask_left/066c79e9179162fbbb12d0d103ffcdc5.png,21.39415500908939
007ec205cc5dd598e68659994b7fc508,DzFVefVg0qyZwV68DGxNR7jyM4H3ZrNzeyrpBHnXeJo,male,164.8,58.6,/Users/tacticalcamel/Desktop/DesignProject/data/raw/mask/007ec205cc5dd598e68659994b7fc508.png,/Users/tacticalcamel/Desktop/DesignProject/data/raw/mask_left/007ec205cc5dd598e68659994b7fc508.png,26.16421033301355
0d8c4ca2910d54ef3c8e07a7db775714,E8tDQ5IgdBwbjLIXu7GwcupEHYbi0eB18YNcsgsSbP8,female,175.75,102.8,/Users/tacticalcamel/Desktop/DesignProject/data/raw/mask/0d8c4ca2910d54ef3c8e07a7db775714.png,/Users/tacticalcamel/Desktop/DesignProject/data/raw/mask_left/0d8c4ca2910d54ef3c8e07a7db775714.png,34.84495579980349
09bebe55b31bf31879da21d42be9b85d,ECoa3Ple2_VClgZ3w6ArCH22bluCUpp5c2egmx6k6SA,female,170.0,55.9,/Users/tacticalcamel/Desktop/DesignProject/data/raw/mask/09bebe55b31bf31879da21d42be9b85d.png,/Users/tacticalcamel/Desktop/DesignProject/data/raw/mask_left/09bebe55b31bf31879da21d42be9b85d.png,23.35960270257874
0661f175eb9bd1f3f3f5630ea3181062,ESRIqrHhBYXiO2QN7t3PaTybQ0kJTQnfg1X9DvyeUZA,male,174.5,73.6,/Users/tacticalcamel/Desktop/DesignProject/data/raw/mask/0661f175eb9bd1f3f3f5630ea3181062.png,/Users/tacticalcamel/Desktop/DesignProject/data/raw/mask_left/0661f175eb9bd1f3f3f5630ea3181062.png,24.38649272814783
004c72a4efa6341764e10e6f599d4212,EU_UtqmsPy2xW35iJcsFplr9CMI5BDH-Is0qi5fVYlQ,male,177.0,88.9,/Users/tacticalcamel/Desktop/DesignProject/data/raw/mask/004c72a4efa6341764e10e6f599d4212.png,/Users/tacticalcamel/Desktop/DesignProject/data/raw/mask_left/004c72a4efa6341764e10e6f599d4212.png,28.231334973403463
03897fed846f9c0423173eb0deaeec63,EieZVPA-7JeO9Em9PMbaImzut1JlGA7oaWh3ou4h-Vo,male,177.5,76.8,/Users/tacticalcamel/Desktop/DesignProject/data/raw/mask/03897fed846f9c0423173eb0deaeec63.png,/Users/tacticalcamel/Desktop/DesignProject/data/raw/mask_left/03897fed846f9c0423173eb0deaeec63.png,23.42011062163968
0b4b2c38e7acc9f9f052d8800b106e58,Es_GZaoXVzviajUXwSoRzcovnivkqQpN8xbdqt2VlpU,male,183.5,112.9,/Users/tacticalcamel/Desktop/DesignProject/data/raw/mask/0b4b2c38e7acc9f9f052d8800b106e58.png,/Users/tacticalcamel/Desktop/DesignProject/data/raw/mask_left/0b4b2c38e7acc9f9f052d8800b106e58.png,30.674521657783593
0609fb4c565895f2ba0e60e7ae9d15f1,FYyN-I3eUVTrNJplKYfglP48b18n5SFmNaF-3XPqTWE,female,154.75,47.6,/Users/tacticalcamel/Desktop/DesignProject/data/raw/mask/0609fb4c565895f2ba0e60e7ae9d15f1.png,/Users/tacticalcamel/Desktop/DesignProject/data/raw/mask_left/0609fb4c565895f2ba0e60e7ae9d15f1.png,27.18365875633102
059dfdef03225feaef0a4facae589405,FmgyxUyfXZdhV2BlpOlISUa68okBmPEVJi6Ny8eqygk,female,169.35,93.7,/Users/tacticalcamel/Desktop/DesignProject/data/raw/mask/059dfdef03225feaef0a4facae589405.png,/Users/tacticalcamel/Desktop/DesignProject/data/raw/mask_left/059dfdef03225feaef0a4facae589405.png,37.87382841632224
03e209219f767381152f56f908803db6,FnZ7ZEVzWD_YNIjEdmg-2auiUS4_Z_NMpQXf_I9_dRg,male,186.2,74.3,/Users/tacticalcamel/Desktop/DesignProject/data/raw/mask/03e209219f767381152f56f908803db6.png,/Users/tacticalcamel/Desktop/DesignProject/data/raw/mask_left/03e209219f767381152f56f908803db6.png,19.403087772314002
0347898b2e3f7aa483185c22c3a82648,GldAW2Eejab3EXj8xHMXbKx3jWxkUD6SqNszUe1Kkvk,female,167.5,119.45,/Users/tacticalcamel/Desktop/DesignProject/data/raw/mask/0347898b2e3f7aa483185c22c3a82648.png,/Users/tacticalcamel/Desktop/DesignProject/data/raw/mask_left/0347898b2e3f7aa483185c22c3a82648.png,45.8603917988269
09f359f49ffb393fe45c406971508edf,GpkhlpuszLjuM1kxQYLm1dTntansHENN0m19dOGMrZE,female,158.2,63.8,/Users/tacticalcamel/Desktop/DesignProject/data/raw/mask/09f359f49ffb393fe45c406971508edf.png,/Users/tacticalcamel/Desktop/DesignProject/data/raw/mask_left/09f359f49ffb393fe45c406971508edf.png,31.127079243677542
03233d491b0914acc97f5b7e55aed1f9,H5bknoN0C0lLje6-NMuSk0boQrWDmbQjhK9OdFBs65c,female,150.0,61.15,/Users/tacticalcamel/Desktop/DesignProject/data/raw/mask/03233d491b0914acc97f5b7e55aed1f9.png,/Users/tacticalcamel/Desktop/DesignProject/data/raw/mask_left/03233d491b0914acc97f5b7e55aed1f9.png,34.859540466526745
089f2bb0b52165737f29242e744161b0,Hy31xfPOxuoBInQX_sziauZLswjtbSy3-mVtPjcpt5c,female,173.75,63.6,/Users/tacticalcamel/Desktop/DesignProject/data/raw/mask/089f2bb0b52165737f29242e744161b0.png,/Users/tacticalcamel/Desktop/DesignProject/data/raw/mask_left/089f2bb0b52165737f29242e744161b0.png,24.83747826522835
04a8b8286e19d3892b5026d4941e4dd5,IwQ97eHHgtniQoUQWUyD0qApLlUuFGOA85Nz9kag_1I,male,180.5,87.3,/Users/tacticalcamel/Desktop/DesignProject/data/raw/mask/04a8b8286e19d3892b5026d4941e4dd5.png,/Users/tacticalcamel/Desktop/DesignProject/data/raw/mask_left/04a8b8286e19d3892b5026d4941e4dd5.png,25.127981427278684
09d2bee2bc4927f2a7ab4edc318ce555,J0Jup_UFc6U9x9w-Abi1GBdv3NeMZdE2a4JaUB5gy34,male,186.0,80.7,/Users/tacticalcamel/Desktop/DesignProject/data/raw/mask/09d2bee2bc4927f2a7ab4edc318ce555.png,/Users/tacticalcamel/Desktop/DesignProject/data/raw/mask_left/09d2bee2bc4927f2a7ab4edc318ce555.png,23.469403713550626
0b6c7d9c9c9bcb180b1ed2e55c71d944,JMI6dZe3SXbPPLFEC9OW8Q75tqy4KoZME55ABWswq5M,male,182.5,71.0,/Users/tacticalcamel/Desktop/DesignProject/data/raw/mask/0b6c7d9c9c9bcb180b1ed2e55c71d944.png,/Users/tacticalcamel/Desktop/DesignProject/data/raw/mask_left/0b6c7d9c9c9bcb180b1ed2e55c71d944.png,20.117892733383606
060338f7e0a22e1dbb6b9446b8c034e5,JNvYCjFCVizUSPlVWEiT5RvXAV3AcfPFkpa01Y_3DMQ,female,173.0,93.6,/Users/tacticalcamel/Desktop/DesignProject/data/raw/mask/060338f7e0a22e1dbb6b9446b8c034e5.png,/Users/tacticalcamel/Desktop/DesignProject/data/raw/mask_left/060338f7e0a22e1dbb6b9446b8c034e5.png,29.98526468180691
01950e4d973a635218a6144592c5ef31,K3p89zXx-UsYBby3S4aWeV9R5aM-T_lwmxb2dLf-LNk,male,185.75,109.9,/Users/tacticalcamel/Desktop/DesignProject/data/raw/mask/01950e4d973a635218a6144592c5ef31.png,/Users/tacticalcamel/Desktop/DesignProject/data/raw/mask_left/01950e4d973a635218a6144592c5ef31.png,28.421640303247877
0d4da626480f3e137ed86955fd51a7fa,KF4x5qg5axbnchXD1j_iCV4iFgu_9iXzYPt-MK7TyUo,male,181.5,81.0,/Users/tacticalcamel/Desktop/DesignProject/data/raw/mask/0d4da626480f3e137ed86955fd51a7fa.png,/Users/tacticalcamel/Desktop/DesignProject/data/raw/mask_left/0d4da626480f3e137ed86955fd51a7fa.png,25.38181366266962
091dcce1c6acbac0fa26446a342bfc7f,K_II_ceJULbMT4-1kDxWSxcLNVQVQ_xXiH2yEzIwerw,female,160.5,49.1,/Users/tacticalcamel/Desktop/DesignProject/data/raw/mask/091dcce1c6acbac0fa26446a342bfc7f.png,/Users/tacticalcamel/Desktop/DesignProject/data/raw/mask_left/091dcce1c6acbac0fa26446a342bfc7f.png,25.76431667842911
0293748d12b9a69a53285bfe60b8a037,KfJBoub1UVszSENTWNIsagcvwmOw2kit8FlHE6vdDgQ,male,169.0,66.7,/Users/tacticalcamel/Desktop/DesignProject/data/raw/mask/0293748d12b9a69a53285bfe60b8a037.png,/Users/tacticalcamel/Desktop/DesignProject/data/raw/mask_left/0293748d12b9a69a53285bfe60b8a037.png,26.700813553905178
07ba11aae450b0acba269eeb8d3309bb,KlCO_7813pIq4DnmhuGrYTD02wHzS24wjgUoFlvwAJU,male,181.95,82.0,/Users/tacticalcamel/Desktop/DesignProject/data/raw/mask/07ba11aae450b0acba269eeb8d3309bb.png,/Users/tacticalcamel/Desktop/DesignProject/data/raw/mask_left/07ba11aae450b0acba269eeb8d3309bb.png,24.474415339017227
08e62633e15c223d4a2401d9c5b5f950,KlCO_7813pIq4DnmhuGrYTD02wHzS24wjgUoFlvwAJU,male,181.95,82.0,/Users/tacticalcamel/Desktop/DesignProject/data/raw/mask/08e62633e15c223d4a2401d9c5b5f950.png,/Users/tacticalcamel/Desktop/DesignProject/data/raw/mask_left/08e62633e15c223d4a2401d9c5b5f950.png,24.474415339017227
087a62c3ab7405992cdb9026a68d1f60,LIZFonGXPE6zHm2vvXFEn-7NojsZnLo5XQxnYr1eG9c,female,179.1,78.1,/Users/tacticalcamel/Desktop/DesignProject/data/raw/mask/087a62c3ab7405992cdb9026a68d1f60.png,/Users/tacticalcamel/Desktop/DesignProject/data/raw/mask_left/087a62c3ab7405992cdb9026a68d1f60.png,25.672146833884078
03c56b3babc7eb149e13600bd2425bd4,LWS7u2dM1oIlDpu0qfB0Fh8kUXtyKa2Bzu2Zy8gx69U,female,171.5,70.7,/Users/tacticalcamel/Desktop/DesignProject/data/raw/mask/03c56b3babc7eb149e13600bd2425bd4.png,/Users/tacticalcamel/Desktop/DesignProject/data/raw/mask_left/03c56b3babc7eb149e13600bd2425bd4.png,26.824381691121744
0c2b97a8cdd2dd168d3bc51aae3572dd,LrAkx-cGKYisCnYZom4wNlYDzVxCmrTznPmszYNooFM,male,175.0,88.55,/Users/tacticalcamel/Desktop/DesignProject/data/raw/mask/0c2b97a8cdd2dd168d3bc51aae3572dd.png,/Users/tacticalcamel/Desktop/DesignProject/data/raw/mask_left/0c2b97a8cdd2dd168d3bc51aae3572dd.png,29.48125962759749
0b4d267e879475e304136741fefbabb7,MRRpwL1LnxGuSlgB75qZkvbiwBOg7an478NWRRJhFZg,female,164.6,69.1,/Users/tacticalcamel/Desktop/DesignProject/data/raw/mask/0b4d267e879475e304136741fefbabb7.png,/Users/tacticalcamel/Desktop/DesignProject/data/raw/mask_left/0b4d267e879475e304136741fefbabb7.png,30.13367460996976
014ccba9cc82c5550b42e586d6793562,MtEI3iPNMiPKY5npP-NwXFGmNv4wL5fmJm_gz3w1gaM,male,177.5,84.6,/Users/tacticalcamel/Desktop/DesignProject/data/raw/mask/014ccba9cc82c5550b42e586d6793562.png,/Users/tacticalcamel/Desktop/DesignProject/data/raw/mask_left/014ccba9cc82c5550b42e586d6793562.png,26.50818008364402
07e40d5b514b2785938b0cfae03d0046,NRix4qIfHXJwy9P3neEGfvsHPAmqyGbqdV8GnbE5Tus,male,176.5,71.6,/Users/tacticalcamel/Desktop/DesignProject/data/raw/mask/07e40d5b514b2785938b0cfae03d0046.png,/Users/tacticalcamel/Desktop/DesignProject/data/raw/mask_left/07e40d5b514b2785938b0cfae03d0046.png,25.712128252171475
0a0684e65aedceed1c530331de5c5c7e,NoP839tHlvR8LC8EAmB4xEvLRjJUrRrhc0_oIuwEBM0,male,190.5,112.8,/Users/tacticalcamel/Desktop/DesignProject/data/raw/mask/0a0684e65aedceed1c530331de5c5c7e.png,/Users/tacticalcamel/Desktop/DesignProject/data/raw/mask_left/0a0684e65aedceed1c530331de5c5c7e.png,25.98404046205777
0765ffd2473e26b2630f45597b6efd83,Nu5Z5HISeZzUc04Yl7_s7jAd_lVljDYKZEnHkj7wqG8,male,174.75,74.55,/Users/tacticalcamel/Desktop/DesignProject/data/raw/mask/0765ffd2473e26b2630f45597b6efd83.png,/Users/tacticalcamel/Desktop/DesignProject/data/raw/mask_left/0765ffd2473e26b2630f45597b6efd83.png,23.48695626313784
0b2b20ad685152b5d8e2a7b21f98f638,OW69pCNzvuyn4IDrAvGcRw6BjIQPd71jXCOtNPWpKIg,female,160.65,50.25,/Users/tacticalcamel/Desktop/DesignProject/data/raw/mask/0b2b20ad685152b5d8e2a7b21f98f638.png,/Users/tacticalcamel/Desktop/DesignProject/data/raw/mask_left/0b2b20ad685152b5d8e2a7b21f98f638.png,27.371294184526377
0d95143c71cdba00ddfdfde3c5ed3736,OpsAHKwX0vH2qhmJul_yqJDkZ6aEfgL7JmQXapmG43k,female,164.5,86.8,/Users/tacticalcamel/Desktop/DesignProject/data/raw/mask/0d95143c71cdba00ddfdfde3c5ed3736.png,/Users/tacticalcamel/Desktop/DesignProject/data/raw/mask_left/0d95143c71cdba00ddfdfde3c5ed3736.png,38.5208955110332
0711d230975b698d3a752e8e47ff81d4,PEHN1aqxst83Z9A4dsV9vlx4izfDR4pcnR-j3mGZQFY,female,163.5,50.65,/Users/tacticalcamel/Desktop/DesignProject/data/raw/mask/0711d230975b698d3a752e8e47ff81d4.png,/Users/tacticalcamel/Desktop/DesignProject/data/raw/mask_left/0711d230975b698d3a752e8e47ff81d4.png,23.782091255331586
0269b7a56a4d4a94db90455f34b61c8b,QeM2XorlxNq4QlazMs-7rhh0gSmxLTaOiQHR6S0dxxA,female,168.0,72.7,/Users/tacticalcamel/Desktop/DesignProject/data/raw/mask/0269b7a56a4d4a94db90455f34b61c8b.png,/Users/tacticalcamel/Desktop/DesignProject/data/raw/mask_left/0269b7a56a4d4a94db90455f34b61c8b.png,27.751745861918373
07bf2f074922e107181b6c028505cfc2,QiAADJFrx4hH-ORJ7WLmTlPpW1IS1vQ19Paf_BEVYPE,male,177.55,97.8,/Users/tacticalcamel/Desktop/DesignProject/data/raw/mask/07bf2f074922e107181b6c028505cfc2.png,/Users/tacticalcamel/Desktop/DesignProject/data/raw/mask_left/07bf2f074922e107181b6c028505cfc2.png,29.19489127075738
0d1494b76d8a7833cd3a404a23a5f35e,R1D_E6s-GP4mOhzN9yvgHcF-8vXl9GVKmbq1XL_g5_o,female,160.6,55.8,/Users/tacticalcamel/Desktop/DesignProject/data/raw/mask/0d1494b76d8a7833cd3a404a23a5f35e.png,/Users/tacticalcamel/Desktop/DesignProject/data/raw/mask_left/0d1494b76d8a7833cd3a404a23a5f35e.png,27.62355678873582
06082036c6e0b65139f18847fac16b00,R6OR4DPv36jHJz2ItpP30U5G0lKe8AwmpmbIRVOScHw,male,175.5,74.1,/Users/tacticalcamel/Desktop/DesignProject/data/raw/mask/06082036c6e0b65139f18847fac16b00.png,/Users/tacticalcamel/Desktop/DesignProject/data/raw/mask_left/06082036c6e0b65139f18847fac16b00.png,26.230579071375317
08a13fba0d8a7ebc37c67e3fa0b9644d,R8TAI3oDN4eue22DWUjf6d5aU1hYX4gK1FnF5-F1CtA,male,172.5,68.6,/Users/tacticalcamel/Desktop/DesignProject/data/raw/mask/08a13fba0d8a7ebc37c67e3fa0b9644d.png,/Users/tacticalcamel/Desktop/DesignProject/data/raw/mask_left/08a13fba0d8a7ebc37c67e3fa0b9644d.png,24.5601307892508
0a75742c1295f983763de472bc93931f,ReU8t8rSsjxvbMQftiQxiI6xkDiQBKQkO1jJZTYJxOg,male,178.0,76.55,/Users/tacticalcamel/Desktop/DesignProject/data/raw/mask/0a75742c1295f983763de472bc93931f.png,/Users/tacticalcamel/Desktop/DesignProject/data/raw/mask_left/0a75742c1295f983763de472bc93931f.png,24.737489627787404
012ca70a651b0bc2e37b1eca204bb12c,RepVnNXP8Ro--nW_dI7-Mzee4h7Uz7Zm2iQjOdl50Q0,male,182.0,76.6,/Users/tacticalcamel/Desktop/DesignProject/data/raw/mask/012ca70a651b0bc2e37b1eca204bb12c.png,/Users/tacticalcamel/Desktop/DesignProject/data/raw/mask_left/012ca70a651b0bc2e37b1eca204bb12c.png,22.77942886783066
053801f2c9e9da710115b6454c6d6747,RgxA2NY_qUQsfbRylNa2EkHdu8oWMuR0BVjVSkCMw80,male,174.5,83.9,/Users/tacticalcamel/Desktop/DesignProject/data/raw/mask/053801f2c9e9da710115b6454c6d6747.png,/Users/tacticalcamel/Desktop/DesignProject/data/raw/mask_left/053801f2c9e9da710115b6454c6d6747.png,27.046863863220494
02c74f804d0c0df70f2e89c2af6fde01,RxMNb3gTmoISfrr8Bq66_Y6mab1irN7S3JkFj2MxYCE,male,173.55,87.85,/Users/tacticalcamel/Desktop/DesignProject/data/raw/mask/02c74f804d0c0df70f2e89c2af6fde01.png,/Users/tacticalcamel/Desktop/DesignProject/data/raw/mask_left/02c74f804d0c0df70f2e89c2af6fde01.png,30.04960164175162
0b6483c8674d09602d2b8cb6e5c9edff,S9zKF4YjHsOv9MC2NLaW4o0k8o84LWICxS8BJ5wsQnk,male,174.85,77.5,/Users/tacticalcamel/Desktop/DesignProject/data/raw/mask/0b6483c8674d09602d2b8cb6e5c9edff.png,/Users/tacticalcamel/Desktop/DesignProject/data/raw/mask_left/0b6483c8674d09602d2b8cb6e5c9edff.png,27.87164190632255
050100de67cabd3e1df0dbe746f89efd,So__VCY_i8yV16N2gU6_7dHN_WwZHMxxjcUHsNU574A,male,178.5,65.5,/Users/tacticalcamel/Desktop/DesignProject/data/raw/mask/050100de67cabd3e1df0dbe746f89efd.png,/Users/tacticalcamel/Desktop/DesignProject/data/raw/mask_left/050100de67cabd3e1df0dbe746f89efd.png,21.456649868175774
06bf7206e43770bd59b5242e6e6e77b0,TRuxsXb-D62dw0s-4nnUWMPAirz75DlxLhpiTE34d90,male,169.5,85.0,/Users/tacticalcamel/Desktop/DesignProject/data/raw/mask/06bf7206e43770bd59b5242e6e6e77b0.png,/Users/tacticalcamel/Desktop/DesignProject/data/raw/mask_left/06bf7206e43770bd59b5242e6e6e77b0.png,29.578605458729072
077684ba01a8c91e34f4220265f65923,TRuxsXb-D62dw0s-4nnUWMPAirz75DlxLhpiTE34d90,male,169.5,85.0,/Users/tacticalcamel/Desktop/DesignProject/data/raw/mask/077684ba01a8c91e34f4220265f65923.png,/Users/tacticalcamel/Desktop/DesignProject/data/raw/mask_left/077684ba01a8c91e34f4220265f65923.png,29.578605458729072
095feb5e348946e7059b54d9bbd50fe5,Tl1DIq7LCXOu6GG9TyJKbI3an7F3dSdeVdjao5faPfw,female,163.4,60.9,/Users/tacticalcamel/Desktop/DesignProject/data/raw/mask/095feb5e348946e7059b54d9bbd50fe5.png,/Users/tacticalcamel/Desktop/DesignProject/data/raw/mask_left/095feb5e348946e7059b54d9bbd50fe5.png,28.31716866690477
03177e0110de38b90959d15adf8fac5d,UHx7qMqO-OHAWMSgjcrcrnJOIo7vRx3QOizllotU2oE,male,175.5,78.2,/Users/tacticalcamel/Desktop/DesignProject/data/raw/mask/03177e0110de38b90959d15adf8fac5d.png,/Users/tacticalcamel/Desktop/DesignProject/data/raw/mask_left/03177e0110de38b90959d15adf8fac5d.png,27.778837222014225
0664127259cf1d3f1d92a32962787ed5,ULAkWQQSnY297whLCEaFWc3LYv1EBLria6tOxBRiKaY,male,183.5,70.2,/Users/tacticalcamel/Desktop/DesignProject/data/raw/mask/0664127259cf1d3f1d92a32962787ed5.png,/Users/tacticalcamel/Desktop/DesignProject/data/raw/mask_left/0664127259cf1d3f1d92a32962787ed5.png,20.577158520427993
0317be5e1d9beb8f272d4c3d83a8e516,USmhBn8O9THhhyAypEL9u68iMWV7Qmy7TR-1EV_jZZQ,female,165.6,62.1,/Users/tacticalcamel/Desktop/DesignProject/data/raw/mask/0317be5e1d9beb8f272d4c3d83a8e516.png,/Users/tacticalcamel/Desktop/DesignProject/data/raw/mask_left/0317be5e1d9beb8f272d4c3d83a8e516.png,27.801870185241846
0c1b986bbab782da04fcc983a68e95a2,UZdY-KuWhdK1t0H-PbopQu2nhsyPOPXHt70KLbsf5P4,female,163.5,67.0,/Users/tacticalcamel/Desktop/DesignProject/data/raw/mask/0c1b986bbab782da04fcc983a68e95a2.png,/Users/tacticalcamel/Desktop/DesignProject/data/raw/mask_left/0c1b986bbab782da04fcc983a68e95a2.png,29.53946801731778
099a67cb3315d5c3797d29e5c8bd006c,Uk7zGibxh5H429fo1NWaD4S4eolNYAamBxfa4ojXqhA,male,181.4,93.3,/Users/tacticalcamel/Desktop/DesignProject/data/raw/mask/099a67cb3315d5c3797d29e5c8bd006c.png,/Users/tacticalcamel/Desktop/DesignProject/data/raw/mask_left/099a67cb3315d5c3797d29e5c8bd006c.png,25.600773525726154
03e3fa514fd93f168e1ee1035d6e3643,UueDSYaaKwwE0UEq27l9nzA6p5xEn76jwy0yla549PI,male,173.05,127.15,/Users/tacticalcamel/Desktop/DesignProject/data/raw/mask/03e3fa514fd93f168e1ee1035d6e3643.png,/Users/tacticalcamel/Desktop/DesignProject/data/raw/mask_left/03e3fa514fd93f168e1ee1035d6e3643.png,35.813549553177175
03c7f2ec6f04f86544653efb6ede232e,UwbYVNhUg-Z7Vg1xyCMcWSFRj4AOQGpk5LtRS-kOwP4,male,169.5,97.2,/Users/tacticalcamel/Desktop/DesignProject/data/raw/mask/03c7f2ec6f04f86544653efb6ede232e.png,/Users/tacticalcamel/Desktop/DesignProject/data/raw/mask_left/03c7f2ec6f04f86544653efb6ede232e.png,30.609900547675593
032de8cbe627f498f5eef00d2cb38a06,UyHRmAs0a9DkqUIdvMM6H2DZZt8poOp0yppXVqiqei8,female,157.2,48.9,/Users/tacticalcamel/Desktop/DesignProject/data/raw/mask/032de8cbe627f498f5eef00d2cb38a06.png,/Users/tacticalcamel/Desktop/DesignProject/data/raw/mask_left/032de8cbe627f498f5eef00d2cb38a06.png,28.03633531182465
062eae309555bef2b5ed2086d01aac70,VBCbaA2ifumchk5h2MAWC8fZCUk7bvaoHAKmJKFkRMY,female,167.7,64.0,/Users/tacticalcamel/Desktop/DesignProject/data/raw/mask/062eae309555bef2b5ed2086d01aac70.png,/Users/tacticalcamel/Desktop/DesignProject/data/raw/mask_left/062eae309555bef2b5ed2086d01aac70.png,29.398207682667724
0b0c7f943e3411c3ca161573230578ae,VC5vjhYIXGp2eb-WoJztwd0prfmLEp5aCeLQQDfwn10,male,179.3,87.6,/Users/tacticalcamel/Desktop/DesignProject/data/raw/mask/0b0c7f943e3411c3ca161573230578ae.png,/Users/tacticalcamel/Desktop/DesignProject/data/raw/mask_left/0b0c7f943e3411c3ca161573230578ae.png,26.853843181935517
07ffff824d0c3516525af58bfb3bd4e6,VC5vjhYIXGp2eb-WoJztwd0prfmLEp5aCeLQQDfwn10,male,179.3,87.6,/Users/tacticalcamel/Desktop/DesignProject/data/raw/mask/07ffff824d0c3516525af58bfb3bd4e6.png,/Users/tacticalcamel/Desktop/DesignProject/data/raw/mask_left/07ffff824d0c3516525af58bfb3bd4e6.png,26.853843181935517
086ea485e526496aa81d0de48b93dea7,VXOk0Gz0hSa_xh-GNz2o_qnPXriyWKoOKiCJEktL79A,female,160.6,54.35,/Users/tacticalcamel/Desktop/DesignProject/data/raw/mask/086ea485e526496aa81d0de48b93dea7.png,/Users/tacticalcamel/Desktop/DesignProject/data/raw/mask_left/086ea485e526496aa81d0de48b93dea7.png,28.506057608874535
0691a095be93424d0e4d033bb3361d50,VjEJp8YS_CGPJPOt_p1XwjNWq9Vf0RMko6nOToPZ4Vc,male,173.0,63.4,/Users/tacticalcamel/Desktop/DesignProject/data/raw/mask/0691a095be93424d0e4d033bb3361d50.png,/Users/tacticalcamel/Desktop/DesignProject/data/raw/mask_left/0691a095be93424d0e4d033bb3361d50.png,23.543926655672315
0acda68ed877759619d7d72fbb5b4155,Vlfc4F6gFYKkpCJux4gxVJzSrlubik60_HDkzkwcIqI,female,171.5,70.15,/Users/tacticalcamel/Desktop/DesignProject/data/raw/mask/0acda68ed877759619d7d72fbb5b4155.png,/Users/tacticalcamel/Desktop/DesignProject/data/raw/mask_left/0acda68ed877759619d7d72fbb5b4155.png,28.410217522584645
07aeb5983a8afb2c5509a03f42d9cd1f,VyPaujzgH47Au8wX0TP8Dhzpn2eD-6nt0au_A0ilpd0,male,177.0,92.1,/Users/tacticalcamel/Desktop/DesignProject/data/raw/mask/07aeb5983a8afb2c5509a03f42d9cd1f.png,/Users/tacticalcamel/Desktop/DesignProject/data/raw/mask_left/07aeb5983a8afb2c5509a03f42d9cd1f.png,30.66402530827134
0cb41d46064db656b7b17c5430891b64,W3FOvAMFzRvX69f3yEiJx9I9ZfTBVn1258um2EFnZeQ,female,157.1,53.8,/Users/tacticalcamel/Desktop/DesignProject/data/raw/mask/0cb41d46064db656b7b17c5430891b64.png,/Users/tacticalcamel/Desktop/DesignProject/data/raw/mask_left/0cb41d46064db656b7b17c5430891b64.png,29.698815210719523
0d2af7c22dad2ee4940c259ffd4a63e2,W81GbQDdBYQMT5l7mDPGD9UkM1szFi6brOnMm0QZT18,female,161.5,90.1,/Users/tacticalcamel/Desktop/DesignProject/data/raw/mask/0d2af7c22dad2ee4940c259ffd4a63e2.png,/Users/tacticalcamel/Desktop/DesignProject/data/raw/mask_left/0d2af7c22dad2ee4940c259ffd4a63e2.png,38.428039108198945
0ab973f5dfc92c30154714ae6db62c22,WI1vl-ZFYxHye2KnzTcSJtBF-i2LXmzx5-qrdr8NSsY,female,180.5,90.8,/Users/tacticalcamel/Desktop/DesignProject/data/raw/mask/0ab973f5dfc92c30154714ae6db62c22.png,/Users/tacticalcamel/Desktop/DesignProject/data/raw/mask_left/0ab973f5dfc92c30154714ae6db62c22.png,25.28069058757808
09a138eb116df7925f0d5e58a990dcb3,WSmLCYanBD88H3OW0ST0yj-TJHwWO7HApk-ZJX-A71E,male,179.5,89.1,/Users/tacticalcamel/Desktop/DesignProject/data/raw/mask/09a138eb116df7925f0d5e58a990dcb3.png,/Users/tacticalcamel/Desktop/DesignProject/data/raw/mask_left/09a138eb116df7925f0d5e58a990dcb3.png,26.410759991271767
0386d340d9af7b0c356133cf8cba002d,W_F3KSfslhBqdPufXu4utZpQzzYipDr0O7YAUGR3VS4,male,182.5,88.7,/Users/tacticalcamel/Desktop/DesignProject/data/raw/mask/0386d340d9af7b0c356133cf8cba002d.png,/Users/tacticalcamel/Desktop/DesignProject/data/raw/mask_left/0386d340d9af7b0c356133cf8cba002d.png,26.180385964886092
007e27ae1b23ff14d51cf4fcd2a308e5,W_F3KSfslhBqdPufXu4utZpQzzYipDr0O7YAUGR3VS4,male,182.5,88.7,/Users/tacticalcamel/Desktop/DesignProject/data/raw/mask/007e27ae1b23ff14d51cf4fcd2a308e5.png,/Users/tacticalcamel/Desktop/DesignProject/data/raw/mask_left/007e27ae1b23ff14d51cf4fcd2a308e5.png,26.180385964886092
0a8202989125aafc65a439143f02af25,WiLlmi5NWoSW3MbBNMNt7ZmBu-wivficyavg2i4ryhM,female,166.0,59.2,/Users/tacticalcamel/Desktop/DesignProject/data/raw/mask/0a8202989125aafc65a439143f02af25.png,/Users/tacticalcamel/Desktop/DesignProject/data/raw/mask_left/0a8202989125aafc65a439143f02af25.png,26.3247850989679
06087c26b13f87b25ae591ec3d5bd3d4,Wkfwp2rGuRysmKYmeIPaCQ8oChBz3aE-R4ywK6Uczys,male,178.5,95.2,/Users/tacticalcamel/Desktop/DesignProject/data/raw/mask/06087c26b13f87b25ae591ec3d5bd3d4.png,/Users/tacticalcamel/Desktop/DesignProject/data/raw/mask_left/06087c26b13f87b25ae591ec3d5bd3d4.png,27.414682914564438
0c537504a2c039f0a3411c030aff105c,WqLeG39SwFanNS47fW7V8DfBEODEH6TXt0eU7eGJiCs,male,163.75,48.85,/Users/tacticalcamel/Desktop/DesignProject/data/raw/mask/0c537504a2c039f0a3411c030aff105c.png,/Users/tacticalcamel/Desktop/DesignProject/data/raw/mask_left/0c537504a2c039f0a3411c030aff105c.png,22.533291111093604
032ad9b33b85a05be80cc36f9c1ea62e,Wqssl24T6OXtJNCKzlxZ7tvg3Z4fGvEb3Qq3bnt1QDg,male,175.5,76.2,/Users/tacticalcamel/Desktop/DesignProject/data/raw/mask/032ad9b33b85a05be80cc36f9c1ea62e.png,/Users/tacticalcamel/Desktop/DesignProject/data/raw/mask_left/032ad9b33b85a05be80cc36f9c1ea62e.png,24.073058440048392
048a44c1711a32f449ff93d0c8a542f3,XI1sGfmvQgCa3yNalqQWwxatqzp90nppgjh9rTRyVE4,female,164.0,51.9,/Users/tacticalcamel/Desktop/DesignProject/data/raw/mask/048a44c1711a32f449ff93d0c8a542f3.png,/Users/tacticalcamel/Desktop/DesignProject/data/raw/mask_left/048a44c1711a32f449ff93d0c8a542f3.png,24.126628389834337
0a44f2ea5ca1b122ab4a2b979ed72be4,YFiBSxT698Q22i9C09EjlFp3LZMxGLDdGWP5Hb_2E2s,male,189.0,91.9,/Users/tacticalcamel/Desktop/DesignProject/data/raw/mask/0a44f2ea5ca1b122ab4a2b979ed72be4.png,/Users/tacticalcamel/Desktop/DesignProject/data/raw/mask_left/0a44f2ea5ca1b122ab4a2b979ed72be4.png,24.848492918299605
075a9c411feae3c3e7e66b62992974d5,YK5kKZSFwbHezYTwzNsNiQG56io_IhgEHbS2KAlDE6k,female,158.25,56.85,/Users/tacticalcamel/Desktop/DesignProject/data/raw/mask/075a9c411feae3c3e7e66b62992974d5.png,/Users/tacticalcamel/Desktop/DesignProject/data/raw/mask_left/075a9c411feae3c3e7e66b62992974d5.png,30.78801717986429
07084298bc8c61c0e470c5a22dd802ef,YPz4NM-Qc1eTi_-HSz5bGAq0Fz1uc-s6OPD3FuQ1Osg,male,174.0,64.3,/Users/tacticalcamel/Desktop/DesignProject/data/raw/mask/07084298bc8c61c0e470c5a22dd802ef.png,/Users/tacticalcamel/Desktop/DesignProject/data/raw/mask_left/07084298bc8c61c0e470c5a22dd802ef.png,23.134206741818154
084193770b05e5cc7bfa842da16f6ab2,YyjnHZS606s2dZorhsH75c7VXJCLRZj-cB-4GLn9X90,female,165.2,70.3,/Users/tacticalcamel/Desktop/DesignProject/data/raw/mask/084193770b05e5cc7bfa842da16f6ab2.png,/Users/tacticalcamel/Desktop/DesignProject/data/raw/mask_left/084193770b05e5cc7bfa842da16f6ab2.png,29.144319013136496
068051c7f63783e7451df23258144183,Z-8Kf8plKOeLHunn8BXCu8LVt1aS7oh04rmWR9-TimM,male,171.5,82.9,/Users/tacticalcamel/Desktop/DesignProject/data/raw/mask/068051c7f63783e7451df23258144183.png,/Users/tacticalcamel/Desktop/DesignProject/data/raw/mask_left/068051c7f63783e7451df23258144183.png,29.412029757991483
0667cf2683167bb30384a6b8e0f0835c,Z-8Kf8plKOeLHunn8BXCu8LVt1aS7oh04rmWR9-TimM,male,171.5,82.9,/Users/tacticalcamel/Desktop/DesignProject/data/raw/mask/0667cf2683167bb30384a6b8e0f0835c.png,/Users/tacticalcamel/Desktop/DesignProject/data/raw/mask_left/0667cf2683167bb30384a6b8e0f0835c.png,29.412029757991483
02a73e623751f3840181eca89b0709b2,Z-g2MFyi63K-yqzGH-3_zgDuR0ceW84OSOoGZWbYSD4,male,182.5,127.0,/Users/tacticalcamel/Desktop/DesignProject/data/raw/mask/02a73e623751f3840181eca89b0709b2.png,/Users/tacticalcamel/Desktop/DesignProject/data/raw/mask_left/02a73e623751f3840181eca89b0709b2.png,34.38882655667352
0bc1c97be6cfb2ac29639c1c3be1ec60,ZG-ukcsU--7WfpbWk9E54gMvxvEt0zSUy_EQB3Lsivk,female,156.55,73.9,/Users/tacticalcamel/Desktop/DesignProject/data/raw/mask/0bc1c97be6cfb2ac29639c1c3be1ec60.png,/Users/tacticalcamel/Desktop/DesignProject/data/raw/mask_left/0bc1c97be6cfb2ac29639c1c3be1ec60.png,35.75577314761679
0ab1b0b72dcc493fd91712eea928b6f0,ZG-ukcsU--7WfpbWk9E54gMvxvEt0zSUy_EQB3Lsivk,female,156.55,73.9,/Users/tacticalcamel/Desktop/DesignProject/data/raw/mask/0ab1b0b72dcc493fd91712eea928b6f0.png,/Users/tacticalcamel/Desktop/DesignProject/data/raw/mask_left/0ab1b0b72dcc493fd91712eea928b6f0.png,35.75577314761679
048632a24e7a9104b5227da2e942c719,ZU6-LyN0O-VeCvbPNyuqqO-FrAolF1beJ0mq5F-Xzq0,female,151.75,68.75,/Users/tacticalcamel/Desktop/DesignProject/data/raw/mask/048632a24e7a9104b5227da2e942c719.png,/Users/tacticalcamel/Desktop/DesignProject/data/raw/mask_left/048632a24e7a9104b5227da2e942c719.png,41.41155709792989
097f4ea5aa26fd8b4d7ebd3fb73bd8c0,ZbNyhEtasd8OZKHhyFQOwXZGPEo3glRq_b3xc1asgkQ,male,176.5,77.25,/Users/tacticalcamel/Desktop/DesignProject/data/raw/mask/097f4ea5aa26fd8b4d7ebd3fb73bd8c0.png,/Users/tacticalcamel/Desktop/DesignProject/data/raw/mask_left/097f4ea5aa26fd8b4d7ebd3fb73bd8c0.png,22.791861884161115
05cce109b81bbf80bef46aa45a4d2ebd,ZbNyhEtasd8OZKHhyFQOwXZGPEo3glRq_b3xc1asgkQ,male,176.5,77.25,/Users/tacticalcamel/Desktop/DesignProject/data/raw/mask/05cce109b81bbf80bef46aa45a4d2ebd.png,/Users/tacticalcamel/Desktop/DesignProject/data/raw/mask_left/05cce109b81bbf80bef46aa45a4d2ebd.png,22.791861884161115
0a1bc69ee91c46b9f25c214c432554e5,_ToIEVbMdssywyK_y8n5Cx3IR8U2zzLK93pBjdJ7Y-8,female,155.5,56.4,/Users/tacticalcamel/Desktop/DesignProject/data/raw/mask/0a1bc69ee91c46b9f25c214c432554e5.png,/Users/tacticalcamel/Desktop/DesignProject/data/raw/mask_left/0a1bc69ee91c46b9f25c214c432554e5.png,32.15336980897388
014167c885a3eccd271e1cd4bb21cacf,_XX21X3rkVOkh-zaEoXpAOzIe48jehTSbz-sUGxhLXU,male,168.0,63.3,/Users/tacticalcamel/Desktop/DesignProject/data/raw/mask/014167c885a3eccd271e1cd4bb21cacf.png,/Users/tacticalcamel/Desktop/DesignProject/data/raw/mask_left/014167c885a3eccd271e1cd4bb21cacf.png,26.587552483469793
09a213c921ba40405082e94e72d57f50,_h3NxZ4o4i7TmT1GAu3-DlhEa6rVb2VQa_sOWklmwgg,male,183.0,88.0,/Users/tacticalcamel/Desktop/DesignProject/data/raw/mask/09a213c921ba40405082e94e72d57f50.png,/Users/tacticalcamel/Desktop/DesignProject/data/raw/mask_left/09a213c921ba40405082e94e72d57f50.png,25.065733357096512
0157a94959b0633597a30b4b19d49ef1,_u7Z0BwCME_s7MeKU31grc_GKZakyHju8ixEzhKNvDE,male,180.15,85.1,/Users/tacticalcamel/Desktop/DesignProject/data/raw/mask/0157a94959b0633597a30b4b19d49ef1.png,/Users/tacticalcamel/Desktop/DesignProject/data/raw/mask_left/0157a94959b0633597a30b4b19d49ef1.png,25.131040692199257
09ec6927f8d675f821c9abc8e1a4d5c6,aUXNEjfJ4oGoLEHnbX48nwPpMortiu4TuutuZZ3jm4M,male,181.5,78.3,/Users/tacticalcamel/Desktop/DesignProject/data/raw/mask/09ec6927f8d675f821c9abc8e1a4d5c6.png,/Users/tacticalcamel/Desktop/DesignProject/data/raw/mask_left/09ec6927f8d675f821c9abc8e1a4d5c6.png,23.900951081666015
0063d101686814661ad13e8b71e7a20f,ar1ZBYi08jgVt4YXjcmSLIyjF8WrnbPa6z4ANSX5KAg,male,164.75,62.5,/Users/tacticalcamel/Desktop/DesignProject/data/raw/mask/0063d101686814661ad13e8b71e7a20f.png,/Users/tacticalcamel/Desktop/DesignProject/data/raw/mask_left/0063d101686814661ad13e8b71e7a20f.png,25.996985071191695
073923d9d64a63eb03ddde128a34fa72,b16ug50trBiVBhO5sDcOlQMEDAwPtoRsOHhEljfHcg4,male,170.0,62.6,/Users/tacticalcamel/Desktop/DesignProject/data/raw/mask/073923d9d64a63eb03ddde128a34fa72.png,/Users/tacticalcamel/Desktop/DesignProject/data/raw/mask_left/073923d9d64a63eb03ddde128a34fa72.png,24.78290600473028
030524f16f0c99436dd150d826076ab3,bIYd-jCYfbKxkqHlHXNsuCyscyetcLfFIq6bm1hcJrU,male,178.5,88.2,/Users/tacticalcamel/Desktop/DesignProject/data/raw/mask/030524f16f0c99436dd150d826076ab3.png,/Users/tacticalcamel/Desktop/DesignProject/data/raw/mask_left/030524f16f0c99436dd150d826076ab3.png,26.167595604002287
0572d6f3d0cc196b87f7f013d89e74ad,bKG2xwP1AuFbvdV60lDpmzX4eLm3aqfkBXsNxXa5pvY,female,168.65,73.35,/Users/tacticalcamel/Desktop/DesignProject/data/raw/mask/0572d6f3d0cc196b87f7f013d89e74ad.png,/Users/tacticalcamel/Desktop/DesignProject/data/raw/mask_left/0572d6f3d0cc196b87f7f013d89e74ad.png,31.050113145229766
02cd1b8abd5505481ee0d1b88d62d73d,bR3I1yOGXZCEzApk8vSz1Aa2WcJKCj578kyuYRIw79c,male,176.25,76.5,/Users/tacticalcamel/Desktop/DesignProject/data/raw/mask/02cd1b8abd5505481ee0d1b88d62d73d.png,/Users/tacticalcamel/Desktop/DesignProject/data/raw/mask_left/02cd1b8abd5505481ee0d1b88d62d73d.png,23.663769058412626
08df0a55a08b7d54cf5065924c6ed519,b_F1041yxqa7dNVpLoTnMQECDX6dKk3eewENECpi4Pg,male,177.75,67.25,/Users/tacticalcamel/Desktop/DesignProject/data/raw/mask/08df0a55a08b7d54cf5065924c6ed519.png,/Users/tacticalcamel/Desktop/DesignProject/data/raw/mask_left/08df0a55a08b7d54cf5065924c6ed519.png,22.01572418710257
00a19f879a88dafab8af4eabbfef045a,bt83HhrkEtECc5zsfh3QLofyfGKlq3pMdRJAASFAkP4,male,166.25,75.15,/Users/tacticalcamel/Desktop/DesignProject/data/raw/mask/00a19f879a88dafab8af4eabbfef045a.png,/Users/tacticalcamel/Desktop/DesignProject/data/raw/mask_left/00a19f879a88dafab8af4eabbfef045a.png,28.661760131751613
08ef9d2ad566e0615228f0df8837559e,c2B5JStYPEIlJ2AETYXBTXjztLgcpF1YZXsbwBJ1fuw,female,171.4,79.75,/Users/tacticalcamel/Desktop/DesignProject/data/raw/mask/08ef9d2ad566e0615228f0df8837559e.png,/Users/tacticalcamel/Desktop/DesignProject/data/raw/mask_left/08ef9d2ad566e0615228f0df8837559e.png,33.30072274058068
03506e92ab2c616969f5dd37a6e95c92,cVytttxSLrJkJZfDS7mqNACCPRKwCk7a978wWualrew,female,164.25,64.0,/Users/tacticalcamel/Desktop/DesignProject/data/raw/mask/03506e92ab2c616969f5dd37a6e95c92.png,/Users/tacticalcamel/Desktop/DesignProject/data/raw/mask_left/03506e92ab2c616969f5dd37a6e95c92.png,28.841584430921728
0d4d63e31b84b6dba7cb4df0d9c40ef5,csaAIT3E5P3uy8GXAdLV3OsjNls_Y-_K2rYyutGUcFg,male,191.5,99.5,/Users/tacticalcamel/Desktop/DesignProject/data/raw/mask/0d4d63e31b84b6dba7cb4df0d9c40ef5.png,/Users/tacticalcamel/Desktop/DesignProject/data/raw/mask_left/0d4d63e31b84b6dba7cb4df0d9c40ef5.png,23.356836727125916
08cef385e069470b9212d99a55fe577a,d-D6hRvXeP68ivQLxyl4KmYSzEyzUS5qcqsxrfwl_4M,female,173.2,76.5,/Users/tacticalcamel/Desktop/DesignProject/data/raw/mask/08cef385e069470b9212d99a55fe577a.png,/Users/tacticalcamel/Desktop/DesignProject/data/raw/mask_left/08cef385e069470b9212d99a55fe577a.png,27.832817485801208
05be671d99c6f9823342c689c1efe76f,d-D6hRvXeP68ivQLxyl4KmYSzEyzUS5qcqsxrfwl_4M,female,173.2,76.5,/Users/tacticalcamel/Desktop/DesignProject/data/raw/mask/05be671d99c6f9823342c689c1efe76f.png,/Users/tacticalcamel/Desktop/DesignProject/data/raw/mask_left/05be671d99c6f9823342c689c1efe76f.png,27.832817485801208
0630f88dc2ad1b52e64ae9ca0199138d,dmaVWureMDf6zGzvuffPz9SCsgwxBEXj17dfX6-ilJg,male,176.5,72.0,/Users/tacticalcamel/Desktop/DesignProject/data/raw/mask/0630f88dc2ad1b52e64ae9ca0199138d.png,/Users/tacticalcamel/Desktop/DesignProject/data/raw/mask_left/0630f88dc2ad1b52e64ae9ca0199138d.png,24.76689264065927
062af5169e1e3e3f76162826166dd883,dx4U9AbZLiHj6R0G_NVAZDWQyZYuhiR7AstECCFnlSs,female,160.5,55.85,/Users/tacticalcamel/Desktop/DesignProject/data/raw/mask/062af5169e1e3e3f76162826166dd883.png,/Users/tacticalcamel/Desktop/DesignProject/data/raw/mask_left/062af5169e1e3e3f76162826166dd883.png,28.029460681804053
05f8ad70f1cefe14f8fe46e9c28139e5,e8lDA0HLFpkX9iGmxvFk-rGQdj-Hd2QK_C05x7Bff0E,male,183.4,90.5,/Users/tacticalcamel/Desktop/DesignProject/data/raw/mask/05f8ad70f1cefe14f8fe46e9c28139e5.png,/Users/tacticalcamel/Desktop/DesignProject/data/raw/mask_left/05f8ad70f1cefe14f8fe46e9c28139e5.png,26.179430645351424
0623f7138742b7f5703be8c637de65f5,eAc4UBuYWDs825J9RBHSvCUU8ZsVLfB_OzFepwasORw,male,178.5,72.3,/Users/tacticalcamel/Desktop/DesignProject/data/raw/mask/0623f7138742b7f5703be8c637de65f5.png,/Users/tacticalcamel/Desktop/DesignProject/data/raw/mask_left/0623f7138742b7f5703be8c637de65f5.png,22.804010906772035
0026b236ae6f63db9c354cc2916c9c34,ebzW4IRAtta9xnF_UqpCR6znOTmH6xo4Hp02dO2uo-c,male,169.0,71.3,/Users/tacticalcamel/Desktop/DesignProject/data/raw/mask/0026b236ae6f63db9c354cc2916c9c34.png,/Users/tacticalcamel/Desktop/DesignProject/data/raw/mask_left/0026b236ae6f63db9c354cc2916c9c34.png,28.761743252962127
0c60a867eac27ae952fe5fe20ca0b777,f62_eizzmbPnIL3GPy72UA4uhPHb4b8eMwfg3-BDTbQ,male,176.25,93.55,/Users/tacticalcamel/Desktop/DesignProject/data/raw/mask/0c60a867eac27ae952fe5fe20ca0b777.png,/Users/tacticalcamel/Desktop/DesignProject/data/raw/mask_left/0c60a867eac27ae952fe5fe20ca0b777.png,27.802584510797608
02135bca568f12f0f8d9549fe9f9345c,flOHDS_DHCemPHEzby_5QJYwe8nU3q3p6fF68BOUyR4,male,172.6,68.0,/Users/tacticalcamel/Desktop/DesignProject/data/raw/mask/02135bca568f12f0f8d9549fe9f9345c.png,/Users/tacticalcamel/Desktop/DesignProject/data/raw/mask_left/02135bca568f12f0f8d9549fe9f9345c.png,24.38864694049417
0c97f07558c5bd2509927218cb2a9354,gq5TL3FqUYvo3zmUkYEPcq1MDM1zyKyP6AvpkDkN5-c,male,182.75,124.1,/Users/tacticalcamel/Desktop/DesignProject/data/raw/mask/0c97f07558c5bd2509927218cb2a9354.png,/Users/tacticalcamel/Desktop/DesignProject/data/raw/mask_left/0c97f07558c5bd2509927218cb2a9354.png,33.34080467943546
012a5c6ed67366227e94b1feacb459c6,groYznJWvyAz-DVhjBx0e_GsqOjzWjWwfQLkrVaAbjI,male,168.0,69.0,/Users/tacticalcamel/Desktop/DesignProject/data/raw/mask/012a5c6ed67366227e94b1feacb459c6.png,/Users/tacticalcamel/Desktop/DesignProject/data/raw/mask_left/012a5c6ed67366227e94b1feacb459c6.png,26.892048005086856
06e9f45b52599f16505a62e02cf2ac77,gxdL3v4FMMviG6lBMBdruqmXxZpzpKt1y_ztwGGGfhQ,male,178.5,79.1,/Users/tacticalcamel/Desktop/DesignProject/data/raw/mask/06e9f45b52599f16505a62e02cf2ac77.png,/Users/tacticalcamel/Desktop/DesignProject/data/raw/mask_left/06e9f45b52599f16505a62e02cf2ac77.png,23.803891358401692
0c0ebb29d40801fadfa8d0079e20d853,gxiflT_j768yMiHgM2ekhrYdsUIwEqBzY3o-otW5yNI,male,169.0,70.1,/Users/tacticalcamel/Desktop/DesignProject/data/raw/mask/0c0ebb29d40801fadfa8d0079e20d853.png,/Users/tacticalcamel/Desktop/DesignProject/data/raw/mask_left/0c0ebb29d40801fadfa8d0079e20d853.png,27.85971406876743
0127d26e27927942c1e18785e0831f17,gz_EHhI5Chmv0cZhqr2LV4h7hWIFSBFVml9Nbd58qxM,male,177.0,72.6,/Users/tacticalcamel/Desktop/DesignProject/data/raw/mask/0127d26e27927942c1e18785e0831f17.png,/Users/tacticalcamel/Desktop/DesignProject/data/raw/mask_left/0127d26e27927942c1e18785e0831f17.png,23.191000280415743
0b147bd8e330d49af51b3d68a8e67376,gz_EHhI5Chmv0cZhqr2LV4h7hWIFSBFVml9Nbd58qxM,male,177.0,72.6,/Users/tacticalcamel/Desktop/DesignProject/data/raw/mask/0b147bd8e330d49af51b3d68a8e67376.png,/Users/tacticalcamel/Desktop/DesignProject/data/raw/mask_left/0b147bd8e330d49af51b3d68a8e67376.png,23.191000280415743
07ff9029c75a830172da89eb078ca475,h6dLO_4PhgepvgtNkD46WhnTIxOsTrxyASLvODgcGk0,male,184.5,85.8,/Users/tacticalcamel/Desktop/DesignProject/data/raw/mask/07ff9029c75a830172da89eb078ca475.png,/Users/tacticalcamel/Desktop/DesignProject/data/raw/mask_left/07ff9029c75a830172da89eb078ca475.png,23.204711656163923
0a0b4bf37aea2ee106a9e313c4cbc510,hT25vKHsmc84oqfyJtFsrtgKxEg0TuJTiaOOu6-mtGw,male,176.5,77.9,/Users/tacticalcamel/Desktop/DesignProject/data/raw/mask/0a0b4bf37aea2ee106a9e313c4cbc510.png,/Users/tacticalcamel/Desktop/DesignProject/data/raw/mask_left/0a0b4bf37aea2ee106a9e313c4cbc510.png,24.359169209259008
02c007b09805464807072fc6167a48dd,i4DL4-DHZELmYD09WqN366geaJQCOSt1TeXKhCGeoH0,male,170.0,78.7,/Users/tacticalcamel/Desktop/DesignProject/data/raw/mask/02c007b09805464807072fc6167a48dd.png,/Users/tacticalcamel/Desktop/DesignProject/data/raw/mask_left/02c007b09805464807072fc6167a48dd.png,28.451500771160084
04842d3a2f339b05d9efa296d2e0ea21,imr_d2YgYcSBs3v8LjlBHqG0HS9ACezVaKNvEk9esgI,male,184.7,84.6,/Users/tacticalcamel/Desktop/DesignProject/data/raw/mask/04842d3a2f339b05d9efa296d2e0ea21.png,/Users/tacticalcamel/Desktop/DesignProject/data/raw/mask_left/04842d3a2f339b05d9efa296d2e0ea21.png,24.2735433270253
054214eeeb331fb3e11b00cb02e26b08,irp9xnYo9ZcKWpPaJUa56QEJ16_8WXAyFIWaB99KIqU,male,185.5,83.3,/Users/tacticalcamel/Desktop/DesignProject/data/raw/mask/054214eeeb331fb3e11b00cb02e26b08.png,/Users/tacticalcamel/Desktop/DesignProject/data/raw/mask_left/054214eeeb331fb3e11b00cb02e26b08.png,21.29683799639986
03f92cd461c39b84bc7eceb26989fada,jBEj27AHI5lyQmg5G-Ecna-VHLx6BnjoQJihBJIcpes,male,162.3,100.3,/Users/tacticalcamel/Desktop/DesignProject/data/raw/mask/03f92cd461c39b84bc7eceb26989fada.png,/Users/tacticalcamel/Desktop/DesignProject/data/raw/mask_left/03f92cd461c39b84bc7eceb26989fada.png,41.35856048866752
0d474f70f15f2ab4a6a90ee9d81d6629,k882U8w3gMLFKWB3D9a3W5DsMBYXoCuZPXFJxIDU38w,male,181.9,87.8,/Users/tacticalcamel/Desktop/DesignProject/data/raw/mask/0d474f70f15f2ab4a6a90ee9d81d6629.png,/Users/tacticalcamel/Desktop/DesignProject/data/raw/mask_left/0d474f70f15f2ab4a6a90ee9d81d6629.png,26.971658151730544
0c59beda104dcc1a52e8141a0fec204f,kFQWHdudWw32Mboxwem7R_l1Ac7AfRDq8lXvnYA85hM,female,159.5,67.6,/Users/tacticalcamel/Desktop/DesignProject/data/raw/mask/0c59beda104dcc1a52e8141a0fec204f.png,/Users/tacticalcamel/Desktop/DesignProject/data/raw/mask_left/0c59beda104dcc1a52e8141a0fec204f.png,33.96179311656084
0a5434c7c6cb555985d493d9d5127cb9,kIylnWWgtxbfedUMpfR5Ot3-iuysBKh-wHxw0Qwh46c,female,166.0,66.5,/Users/tacticalcamel/Desktop/DesignProject/data/raw/mask/0a5434c7c6cb555985d493d9d5127cb9.png,/Users/tacticalcamel/Desktop/DesignProject/data/raw/mask_left/0a5434c7c6cb555985d493d9d5127cb9.png,29.151669386394715
05fcda51734c28ea92ca15cb3017ce14,kJbq4rY7KCtD0ik0QWdzgPTcAAt4SXHnOOMEstRxGQw,female,168.9,97.2,/Users/tacticalcamel/Desktop/DesignProject/data/raw/mask/05fcda51734c28ea92ca15cb3017ce14.png,/Users/tacticalcamel/Desktop/DesignProject/data/raw/mask_left/05fcda51734c28ea92ca15cb3017ce14.png,35.4159211998758
048e6c8b034e100404db1191e628aa17,kOBRGSwc90LmUZQtflmOfNma8UNd25tNaz6gzFDO3Ls,male,175.0,85.2,/Users/tacticalcamel/Desktop/DesignProject/data/raw/mask/048e6c8b034e100404db1191e628aa17.png,/Users/tacticalcamel/Desktop/DesignProject/data/raw/mask_left/048e6c8b034e100404db1191e628aa17.png,27.53839476296043
02e000919e1add9732acbd6c3e6c3d98,l5EVWtfrpHCHEhPFyIVQ4ukpQPaWTCD4A8xKKWVC_-0,female,167.45,57.7,/Users/tacticalcamel/Desktop/DesignProject/data/raw/mask/02e000919e1add9732acbd6c3e6c3d98.png,/Users/tacticalcamel/Desktop/DesignProject/data/raw/mask_left/02e000919e1add9732acbd6c3e6c3d98.png,25.350815006424433
06c9f3b7dbcc25dbd6a16b1703be3d1e,l5EVWtfrpHCHEhPFyIVQ4ukpQPaWTCD4A8xKKWVC_-0,female,167.45,57.7,/Users/tacticalcamel/Desktop/DesignProject/data/raw/mask/06c9f3b7dbcc25dbd6a16b1703be3d1e.png,/Users/tacticalcamel/Desktop/DesignProject/data/raw/mask_left/06c9f3b7dbcc25dbd6a16b1703be3d1e.png,25.350815006424433
0aabe3fa55df08982395d2afb0d63760,lyUguDtiZsg3Gf3UTGaXEJUEbOxRj8I7FhzS6dRdi8o,male,169.6,60.7,/Users/tacticalcamel/Desktop/DesignProject/data/raw/mask/0aabe3fa55df08982395d2afb0d63760.png,/Users/tacticalcamel/Desktop/DesignProject/data/raw/mask_left/0aabe3fa55df08982395d2afb0d63760.png,23.272136167707203
0093da086599ed038737bb1c8c724697,m70ndgfKAM_jHaYlk3InxW-JioR7M7Jrv51fu-wGer4,male,165.25,73.1,/Users/tacticalcamel/Desktop/DesignProject/data/raw/mask/0093da086599ed038737bb1c8c724697.png,/Users/tacticalcamel/Desktop/DesignProject/data/raw/mask_left/0093da086599ed038737bb1c8c724697.png,30.34446323961174
09dbaa3516f1c83387ee81521782fd8d,me6W9DDi6oFf_-XnSWBG6DodoIp9UmCyc4sX73d9NUk,female,157.0,65.7,/Users/tacticalcamel/Desktop/DesignProject/data/raw/mask/09dbaa3516f1c83387ee81521782fd8d.png,/Users/tacticalcamel/Desktop/DesignProject/data/raw/mask_left/09dbaa3516f1c83387ee81521782fd8d.png,35.63265142492543
08c91bdf0901111efbac55765a74b3a1,me6W9DDi6oFf_-XnSWBG6DodoIp9UmCyc4sX73d9NUk,female,157.0,65.7,/Users/tacticalcamel/Desktop/DesignProject/data/raw/mask/08c91bdf0901111efbac55765a74b3a1.png,/Users/tacticalcamel/Desktop/DesignProject/data/raw/mask_left/08c91bdf0901111efbac55765a74b3a1.png,35.63265142492543
08fdbfcfd9ac4b3001de464364b0c451,nMxtSMqdaQ8vFXyyv3RjKPaq6_NYNtochvAYm1MyzrM,male,196.0,107.3,/Users/tacticalcamel/Desktop/DesignProject/data/raw/mask/08fdbfcfd9ac4b3001de464364b0c451.png,/Users/tacticalcamel/Desktop/DesignProject/data/raw/mask_left/08fdbfcfd9ac4b3001de464364b0c451.png,24.14838155852116
0148f4b177b6d6e07ee086cd56a11675,nNupwm_XMGtXuPI0XoKClyBSW0F_x8ghtyggcx0P4Z0,female,165.0,56.5,/Users/tacticalcamel/Desktop/DesignProject/data/raw/mask/0148f4b177b6d6e07ee086cd56a11675.png,/Users/tacticalcamel/Desktop/DesignProject/data/raw/mask_left/0148f4b177b6d6e07ee086cd56a11675.png,25.649123297421028
0acb9353f78e039dce9e39ebfd1d89f4,nZUlJ3oSfVH51kquU28D-F9NwL3UjnLsxtsY2y6qXts,female,164.5,84.9,/Users/tacticalcamel/Desktop/DesignProject/data/raw/mask/0acb9353f78e039dce9e39ebfd1d89f4.png,/Users/tacticalcamel/Desktop/DesignProject/data/raw/mask_left/0acb9353f78e039dce9e39ebfd1d89f4.png,35.10249957379331
01e09f8bc11aaf8e7bb071577c6aad6c,oCR2_jIGeAq0IqYJOiompcg3HuhvGx3G8cstwrxai7o,male,183.5,85.1,/Users/tacticalcamel/Desktop/DesignProject/data/raw/mask/01e09f8bc11aaf8e7bb071577c6aad6c.png,/Users/tacticalcamel/Desktop/DesignProject/data/raw/mask_left/01e09f8bc11aaf8e7bb071577c6aad6c.png,24.485402945660184
0b0b63ba87bab764bf8eeb8f60907ee2,oPk9abx21incMw-PVVX2KFDa_-S5yjwVTV6p77DB46M,male,175.75,75.7,/Users/tacticalcamel/Desktop/DesignProject/data/raw/mask/0b0b63ba87bab764bf8eeb8f60907ee2.png,/Users/tacticalcamel/Desktop/DesignProject/data/raw/mask_left/0b0b63ba87bab764bf8eeb8f60907ee2.png,25.35605446523273
05e3a51107defec6c8a217c041ac86a8,olebiZEFHBIYnjmdGYj2D11Xweg7woG3LoXZ3xeSfIA,female,164.4,69.3,/Users/tacticalcamel/Desktop/DesignProject/data/raw/mask/05e3a51107defec6c8a217c041ac86a8.png,/Users/tacticalcamel/Desktop/DesignProject/data/raw/mask_left/05e3a51107defec6c8a217c041ac86a8.png,29.928798898794497
04306e036df32d2d112ec6c9d34b26be,oqyH_veC46ItEB8qeSDlvqg4-GdVD74zXF5Ntiqju_c,male,184.5,78.15,/Users/tacticalcamel/Desktop/DesignProject/data/raw/mask/04306e036df32d2d112ec6c9d34b26be.png,/Users/tacticalcamel/Desktop/DesignProject/data/raw/mask_left/04306e036df32d2d112ec6c9d34b26be.png,21.579701094237464
0d22d63a7f682ac90f5a92949786d43c,oxkxGp4O5kRM_yq45ZJMHouX_gxIjQnW3X0DzFAgbx0,male,172.2,58.6,/Users/tacticalcamel/Desktop/DesignProject/data/raw/mask/0d22d63a7f682ac90f5a92949786d43c.png,/Users/tacticalcamel/Desktop/DesignProject/data/raw/mask_left/0d22d63a7f682ac90f5a92949786d43c.png,23.846124592328763
0c77a03d5c1d38c29dfbf188b48a175a,pLH84ObNWBL9AUJx-t3hJIuOr9T3qpFJFHnXtfrgNmY,male,179.0,67.6,/Users/tacticalcamel/Desktop/DesignProject/data/raw/mask/0c77a03d5c1d38c29dfbf188b48a175a.png,/Users/tacticalcamel/Desktop/DesignProject/data/raw/mask_left/0c77a03d5c1d38c29dfbf188b48a175a.png,20.8586994629321
027a6a0f5f038262fd3bd41b7ef21ce0,pRw9geCWNea0tK6RKkIE92d7e9FJl6Yz7t14twoTQPo,male,193.0,86.3,/Users/tacticalcamel/Desktop/DesignProject/data/raw/mask/027a6a0f5f038262fd3bd41b7ef21ce0.png,/Users/tacticalcamel/Desktop/DesignProject/data/raw/mask_left/027a6a0f5f038262fd3bd41b7ef21ce0.png,19.568168500680322
08876890daf4c1f29b1df5b60157e92f,q68ers8KpX1SPgX0jbGF-cK0SOLGfikQ_tJlyhVGO_Y,female,154.0,61.0,/Users/tacticalcamel/Desktop/DesignProject/data/raw/mask/08876890daf4c1f29b1df5b60157e92f.png,/Users/tacticalcamel/Desktop/DesignProject/data/raw/mask_left/08876890daf4c1f29b1df5b60157e92f.png,32.68625105544363
0ad3cd583e7ac4aa628c1b059f609041,q68ers8KpX1SPgX0jbGF-cK0SOLGfikQ_tJlyhVGO_Y,female,154.0,61.0,/Users/tacticalcamel/Desktop/DesignProject/data/raw/mask/0ad3cd583e7ac4aa628c1b059f609041.png,/Users/tacticalcamel/Desktop/DesignProject/data/raw/mask_left/0ad3cd583e7ac4aa628c1b059f609041.png,32.68625105544363
082643cec8cc39f87efaa74268974022,q68ers8KpX1SPgX0jbGF-cK0SOLGfikQ_tJlyhVGO_Y,female,154.0,61.0,/Users/tacticalcamel/Desktop/DesignProject/data/raw/mask/082643cec8cc39f87efaa74268974022.png,/Users/tacticalcamel/Desktop/DesignProject/data/raw/mask_left/082643cec8cc39f87efaa74268974022.png,32.68625105544363
03d3d203a017940e72288f1163d68e99,q8H1M2ZEMD0L5qVG6bYCYULEM9nJ1AnGfSwVD3ZHqzY,female,155.55,71.45,/Users/tacticalcamel/Desktop/DesignProject/data/raw/mask/03d3d203a017940e72288f1163d68e99.png,/Users/tacticalcamel/Desktop/DesignProject/data/raw/mask_left/03d3d203a017940e72288f1163d68e99.png,36.80197761321663
00bb4d84c9cf8903eeb0671eb66bd739,qYlb2EfOLZbw-sluXUOq5gcJJqpWXrFDdguVbtfB6Z0,male,180.5,84.6,/Users/tacticalcamel/Desktop/DesignProject/data/raw/mask/00bb4d84c9cf8903eeb0671eb66bd739.png,/Users/tacticalcamel/Desktop/DesignProject/data/raw/mask_left/00bb4d84c9cf8903eeb0671eb66bd739.png,24.02036416557477
005e8eca196e8127de2fa342ccf6a007,qjI5gzFZD5ngTks54SsoluCXKJzmR0yh7utNvmupAvA,male,179.9,91.15,/Users/tacticalcamel/Desktop/DesignProject/data/raw/mask/005e8eca196e8127de2fa342ccf6a007.png,/Users/tacticalcamel/Desktop/DesignProject/data/raw/mask_left/005e8eca196e8127de2fa342ccf6a007.png,27.847997961552927
04bf3d906949d7375fc4b0706cbdc90e,r0LT9iFmm69nvU2IOfa2IqEOmYvLbJ_kwZF2xw4CcxM,male,171.0,69.1,/Users/tacticalcamel/Desktop/DesignProject/data/raw/mask/04bf3d906949d7375fc4b0706cbdc90e.png,/Users/tacticalcamel/Desktop/DesignProject/data/raw/mask_left/04bf3d906949d7375fc4b0706cbdc90e.png,23.68374918265163
0ccb41003f26db68b10f61881ba773e9,r0LT9iFmm69nvU2IOfa2IqEOmYvLbJ_kwZF2xw4CcxM,male,171.0,69.1,/Users/tacticalcamel/Desktop/DesignProject/data/raw/mask/0ccb41003f26db68b10f61881ba773e9.png,/Users/tacticalcamel/Desktop/DesignProject/data/raw/mask_left/0ccb41003f26db68b10f61881ba773e9.png,23.68374918265163
0771b02749e1ad9dac6ff111c027466d,rUc4yxBryYIYNvtwQfEXmFbgPyKVjeyD2wBIvez1ybA,male,179.8,92.1,/Users/tacticalcamel/Desktop/DesignProject/data/raw/mask/0771b02749e1ad9dac6ff111c027466d.png,/Users/tacticalcamel/Desktop/DesignProject/data/raw/mask_left/0771b02749e1ad9dac6ff111c027466d.png,26.978327987592593
013f653fc8fe7e729e75b1f3c13eb9fa,rbqXSO8r3ptq7WprPA1JX6__MhYsUVsfts58LQjoBfk,female,158.0,74.1,/Users/tacticalcamel/Desktop/DesignProject/data/raw/mask/013f653fc8fe7e729e75b1f3c13eb9fa.png,/Users/tacticalcamel/Desktop/DesignProject/data/raw/mask_left/013f653fc8fe7e729e75b1f3c13eb9fa.png,37.385420541442365
0a7a70f022269b970f5612044eacc221,rqtGE9A1rD3A4SmA9Yqwi30ipbXcpspJpBDoRyiBUR0,female,170.5,72.2,/Users/tacticalcamel/Desktop/DesignProject/data/raw/mask/0a7a70f022269b970f5612044eacc221.png,/Users/tacticalcamel/Desktop/DesignProject/data/raw/mask_left/0a7a70f022269b970f5612044eacc221.png,26.852306575608523
0d7093197a5aa643f4a4f4272129485b,sV2bCzbq3Km3o9m2k5DndlwmYwylBErPqag8rRhOh8w,male,180.2,73.6,/Users/tacticalcamel/Desktop/DesignProject/data/raw/mask/0d7093197a5aa643f4a4f4272129485b.png,/Users/tacticalcamel/Desktop/DesignProject/data/raw/mask_left/0d7093197a5aa643f4a4f4272129485b.png,22.91269335953025
0635244b1a23cafa1fe9b7815c95aa88,slOKLPyTsRXyhmLtpNxjwCKXUf5GBV51jreHY4MUjZ8,male,179.0,64.7,/Users/tacticalcamel/Desktop/DesignProject/data/raw/mask/0635244b1a23cafa1fe9b7815c95aa88.png,/Users/tacticalcamel/Desktop/DesignProject/data/raw/mask_left/0635244b1a23cafa1fe9b7815c95aa88.png,20.25811074037931
04c96a7665f8fe1e22eab1fccdfe1319,tUYlv4GX0ZmahKhPdKkB63BAfZ0-5z048-POR9ivZdc,male,169.75,73.45,/Users/tacticalcamel/Desktop/DesignProject/data/raw/mask/04c96a7665f8fe1e22eab1fccdfe1319.png,/Users/tacticalcamel/Desktop/DesignProject/data/raw/mask_left/04c96a7665f8fe1e22eab1fccdfe1319.png,27.238899937173954
04ffb18e4870f00b57a4545f2c200691,tZGSxqVqjMexWpvXsaOAWmJ3GEFkyAoaw7mRLLqs5HE,male,189.5,89.1,/Users/tacticalcamel/Desktop/DesignProject/data/raw/mask/04ffb18e4870f00b57a4545f2c200691.png,/Users/tacticalcamel/Desktop/DesignProject/data/raw/mask_left/04ffb18e4870f00b57a4545f2c200691.png,22.461856917134824
010191c608385f7e97afed2d59ac471b,taHC-Pu6QIN7Hwnm8L-LKUT1djCbnSzOxBA9OiofoDA,male,171.0,55.1,/Users/tacticalcamel/Desktop/DesignProject/data/raw/mask/010191c608385f7e97afed2d59ac471b.png,/Users/tacticalcamel/Desktop/DesignProject/data/raw/mask_left/010191c608385f7e97afed2d59ac471b.png,21.164581878984634
04e4a8603bce2e5c9bbf532e437e4ce2,tk_IQHyKKnSaRC7JnLs-wuJPSlb-vArUTnfOWsgSapQ,male,169.0,72.5,/Users/tacticalcamel/Desktop/DesignProject/data/raw/mask/04e4a8603bce2e5c9bbf532e437e4ce2.png,/Users/tacticalcamel/Desktop/DesignProject/data/raw/mask_left/04e4a8603bce2e5c9bbf532e437e4ce2.png,26.28909711529571
0c20fb636bc2d5e8933cb6e72046bd9c,tr0fHdMMfA31TbERAMt8AbVSEaqUoip0rGkh7_UZp8o,male,171.6,74.4,/Users/tacticalcamel/Desktop/DesignProject/data/raw/mask/0c20fb636bc2d5e8933cb6e72046bd9c.png,/Users/tacticalcamel/Desktop/DesignProject/data/raw/mask_left/0c20fb636bc2d5e8933cb6e72046bd9c.png,25.914127120050466
034a71aae00bdba256c93025fc6fa9c2,tygLRr1E8gG_s_W-M_TJ45C09ekCUmSmmMfxWpCvKsg,male,170.25,61.0,/Users/tacticalcamel/Desktop/DesignProject/data/raw/mask/034a71aae00bdba256c93025fc6fa9c2.png,/Users/tacticalcamel/Desktop/DesignProject/data/raw/mask_left/034a71aae00bdba256c93025fc6fa9c2.png,22.730165777532996
0bb817bd90fe6905706c34a7929e991c,u2VX_rR-b9Ygp5ToLLA8grPCNIFtLlV7lY34UmeWmAs,female,171.25,58.75,/Users/tacticalcamel/Desktop/DesignProject/data/raw/mask/0bb817bd90fe6905706c34a7929e991c.png,/Users/tacticalcamel/Desktop/DesignProject/data/raw/mask_left/0bb817bd90fe6905706c34a7929e991c.png,23.30204519976695
0d7fc1d684010e23a96bd392a6f24160,u2VX_rR-b9Ygp5ToLLA8grPCNIFtLlV7lY34UmeWmAs,female,171.25,58.75,/Users/tacticalcamel/Desktop/DesignProject/data/raw/mask/0d7fc1d684010e23a96bd392a6f24160.png,/Users/tacticalcamel/Desktop/DesignProject/data/raw/mask_left/0d7fc1d684010e23a96bd392a6f24160.png,23.30204519976695
084f9a30019d2dfd814ed2c72da1190d,uWNpWS7y4dopu_NEgKaaddY0E1Ij2OHO_HGyMEBUNkM,male,178.0,71.1,/Users/tacticalcamel/Desktop/DesignProject/data/raw/mask/084f9a30019d2dfd814ed2c72da1190d.png,/Users/tacticalcamel/Desktop/DesignProject/data/raw/mask_left/084f9a30019d2dfd814ed2c72da1190d.png,22.62783572025564
00f33d68beefd6928dbbc1df5027e1c4,ue3P1rds2SorwiUP4tCm0-7FzgMFwMCRwqVvbKo9jwc,male,163.6,79.8,/Users/tacticalcamel/Desktop/DesignProject/data/raw/mask/00f33d68beefd6928dbbc1df5027e1c4.png,/Users/tacticalcamel/Desktop/DesignProject/data/raw/mask_left/00f33d68beefd6928dbbc1df5027e1c4.png,29.94779995281133
05f7cd33d784ba1de0af501c4c8d4108,uiYjbCk669ecxx2gO_QOYEwq_tM2ysdwnJYC6LCPHws,male,170.0,76.65,/Users/tacticalcamel/Desktop/DesignProject/data/raw/mask/05f7cd33d784ba1de0af501c4c8d4108.png,/Users/tacticalcamel/Desktop/DesignProject/data/raw/mask_left/05f7cd33d784ba1de0af501c4c8d4108.png,29.65913578634313
0d881f6dc8c93ba2685897cf83ca098a,upa6foQNb8RjG3rcyAiG0Np9ls0JeJ_nBr0CRoL6I5g,female,161.9,62.35,/Users/tacticalcamel/Desktop/DesignProject/data/raw/mask/0d881f6dc8c93ba2685897cf83ca098a.png,/Users/tacticalcamel/Desktop/DesignProject/data/raw/mask_left/0d881f6dc8c93ba2685897cf83ca098a.png,31.251706474119324
04016043ca2efd75939a0d7d65c6d99d,vP1Sh-jJNg7AjHabR7sf1WRlUEiFa-Gke4hTuQkzhmQ,female,162.0,89.3,/Users/tacticalcamel/Desktop/DesignProject/data/raw/mask/04016043ca2efd75939a0d7d65c6d99d.png,/Users/tacticalcamel/Desktop/DesignProject/data/raw/mask_left/04016043ca2efd75939a0d7d65c6d99d.png,38.611319457898745
01e38f7a517646adf8411cae63f77b48,vdvTDSjhRKHZHLUlzHJioKgrnnNDEyfmvq1ao3LurbA,male,176.5,80.7,/Users/tacticalcamel/Desktop/DesignProject/data/raw/mask/01e38f7a517646adf8411cae63f77b48.png,/Users/tacticalcamel/Desktop/DesignProject/data/raw/mask_left/01e38f7a517646adf8411cae63f77b48.png,26.752221250997287
0d227c97fcb7267b124584c54a5b5058,vdvTDSjhRKHZHLUlzHJioKgrnnNDEyfmvq1ao3LurbA,male,176.5,80.7,/Users/tacticalcamel/Desktop/DesignProject/data/raw/mask/0d227c97fcb7267b124584c54a5b5058.png,/Users/tacticalcamel/Desktop/DesignProject/data/raw/mask_left/0d227c97fcb7267b124584c54a5b5058.png,26.752221250997287
0d0b6179d54bdad8e5d51a1cc9110aa2,vnohRvRete12wDp7zCI0rTWOjQO1NU48ZzyOXpEI_uk,male,184.0,102.4,/Users/tacticalcamel/Desktop/DesignProject/data/raw/mask/0d0b6179d54bdad8e5d51a1cc9110aa2.png,/Users/tacticalcamel/Desktop/DesignProject/data/raw/mask_left/0d0b6179d54bdad8e5d51a1cc9110aa2.png,26.71902719781231
05c609c2e68926db5770077cffdccf54,wEiE2pV4k1O3W5w6TXxcEU_zZGThKzJz5cV8M4nMpjo,male,183.5,71.5,/Users/tacticalcamel/Desktop/DesignProject/data/raw/mask/05c609c2e68926db5770077cffdccf54.png,/Users/tacticalcamel/Desktop/DesignProject/data/raw/mask_left/05c609c2e68926db5770077cffdccf54.png,19.675236364611024
01ba31dc23d1d3b10f5e5a0eec601a6b,wyzXYq1mCO53i8GE8uTF583tYOYGA7-eQOjJp1xBalI,male,174.0,74.4,/Users/tacticalcamel/Desktop/DesignProject/data/raw/mask/01ba31dc23d1d3b10f5e5a0eec601a6b.png,/Users/tacticalcamel/Desktop/DesignProject/data/raw/mask_left/01ba31dc23d1d3b10f5e5a0eec601a6b.png,26.11124993230161
0d9541c8bb2a3b08696c868a2f367b28,xVVI5tmT-bXqckfISkHkOJJRxYvEMcoifHlX6gYmDnA,male,169.0,63.3,/Users/tacticalcamel/Desktop/DesignProject/data/raw/mask/0d9541c8bb2a3b08696c868a2f367b28.png,/Users/tacticalcamel/Desktop/DesignProject/data/raw/mask_left/0d9541c8bb2a3b08696c868a2f367b28.png,25.442782999767083
0d9ef51d391d90554e370442df708aba,xaq2jlOyjHdkBcpihC9DT-AGTxF1GGU24i63T3VewWU,male,170.5,98.0,/Users/tacticalcamel/Desktop/DesignProject/data/raw/mask/0d9ef51d391d90554e370442df708aba.png,/Users/tacticalcamel/Desktop/DesignProject/data/raw/mask_left/0d9ef51d391d90554e370442df708aba.png,32.1609803302901
06dce778fd7c65b00599dff9c775572c,xmH69ldFvRNLGcaQLwW_bCUUU5H_GIuskbslCoMFw4Q,male,191.85,81.3,/Users/tacticalcamel/Desktop/DesignProject/data/raw/mask/06dce778fd7c65b00599dff9c775572c.png,/Users/tacticalcamel/Desktop/DesignProject/data/raw/mask_left/06dce778fd7c65b00599dff9c775572c.png,20.163235134329284
0298657f8403f0962ffc00019c99f15e,xpLRSBTmbLquELZomksgYN0fN_-2EZ7NANEQHBOeGKo,male,180.0,82.0,/Users/tacticalcamel/Desktop/DesignProject/data/raw/mask/0298657f8403f0962ffc00019c99f15e.png,/Users/tacticalcamel/Desktop/DesignProject/data/raw/mask_left/0298657f8403f0962ffc00019c99f15e.png,25.460261070915045
0b76b03034f0774b7d6569395164f124,y32dEeA-iZr8Pt91kD30sOJRmugAdCm-jzF6aHYt_oE,female,165.0,66.1,/Users/tacticalcamel/Desktop/DesignProject/data/raw/mask/0b76b03034f0774b7d6569395164f124.png,/Users/tacticalcamel/Desktop/DesignProject/data/raw/mask_left/0b76b03034f0774b7d6569395164f124.png,29.583889085998422
0182acba9ce97abb60387d37023856bc,yI3ggbDDMGbpyUyqLMB2ESSttV7sTcq4Q3sljzli3-w,female,153.9,55.0,/Users/tacticalcamel/Desktop/DesignProject/data/raw/mask/0182acba9ce97abb60387d37023856bc.png,/Users/tacticalcamel/Desktop/DesignProject/data/raw/mask_left/0182acba9ce97abb60387d37023856bc.png,34.82094554293383
07a701d17c0a7d71554e2739fec0689b,yI3ggbDDMGbpyUyqLMB2ESSttV7sTcq4Q3sljzli3-w,female,153.9,55.0,/Users/tacticalcamel/Desktop/DesignProject/data/raw/mask/07a701d17c0a7d71554e2739fec0689b.png,/Users/tacticalcamel/Desktop/DesignProject/data/raw/mask_left/07a701d17c0a7d71554e2739fec0689b.png,34.82094554293383
04dbf7b7e587a4b2a900b81c0520931b,yNUzyGgE8w454leAPUJyfK-QivWU01bhmGRzYivMA_0,female,161.5,69.7,/Users/tacticalcamel/Desktop/DesignProject/data/raw/mask/04dbf7b7e587a4b2a900b81c0520931b.png,/Users/tacticalcamel/Desktop/DesignProject/data/raw/mask_left/04dbf7b7e587a4b2a900b81c0520931b.png,31.281447129326935
0273bdca946df4eafa1977f1370384fa,ytf4AiJs29Zl0YhmcryHTenc9awbx5rimRO5Xixg4Po,male,165.85,55.85,/Users/tacticalcamel/Desktop/DesignProject/data/raw/mask/0273bdca946df4eafa1977f1370384fa.png,/Users/tacticalcamel/Desktop/DesignProject/data/raw/mask_left/0273bdca946df4eafa1977f1370384fa.png,24.722573738884677
0827f7f3cc986ded54e573cf237da769,z1Cj8-tPo7XuylEL1c1i8tcUCuQqRBQpmxaGq6HXPG8,female,141.0,43.0,/Users/tacticalcamel/Desktop/DesignProject/data/raw/mask/0827f7f3cc986ded54e573cf237da769.png,/Users/tacticalcamel/Desktop/DesignProject/data/raw/mask_left/0827f7f3cc986ded54e573cf237da769.png,34.711974593441774
093961965a3795f11d5eb1d24a84fc02,z1Cj8-tPo7XuylEL1c1i8tcUCuQqRBQpmxaGq6HXPG8,female,141.0,43.0,/Users/tacticalcamel/Desktop/DesignProject/data/raw/mask/093961965a3795f11d5eb1d24a84fc02.png,/Users/tacticalcamel/Desktop/DesignProject/data/raw/mask_left/093961965a3795f11d5eb1d24a84fc02.png,34.711974593441774
0d04e46b5ddfd9e17e7b6ab78f4a30ed,zIJRdWHg4VGII2gi6UYcgGCRvU9TTPYwZgytyyDF_FY,male,168.5,74.25,/Users/tacticalcamel/Desktop/DesignProject/data/raw/mask/0d04e46b5ddfd9e17e7b6ab78f4a30ed.png,/Users/tacticalcamel/Desktop/DesignProject/data/raw/mask_left/0d04e46b5ddfd9e17e7b6ab78f4a30ed.png,28.675332437757582
064688cc59fd5272a4f02a56943c32eb,zK_20ZVlXng8zxikFeTQvkc3iNhxviWNE6NP7UqQZa0,male,169.0,70.1,/Users/tacticalcamel/Desktop/DesignProject/data/raw/mask/064688cc59fd5272a4f02a56943c32eb.png,/Users/tacticalcamel/Desktop/DesignProject/data/raw/mask_left/064688cc59fd5272a4f02a56943c32eb.png,27.905243878371067
00eacdd1f9d8d1d01475e73e7152efe9,z_dRmGW8VHAWcCqRqeHDiBPbeOEhjNbGnEmR2QMscJQ,male,178.5,76.95,/Users/tacticalcamel/Desktop/DesignProject/data/raw/mask/00eacdd1f9d8d1d01475e73e7152efe9.png,/Users/tacticalcamel/Desktop/DesignProject/data/raw/mask_left/00eacdd1f9d8d1d01475e73e7152efe9.png,24.98848674057505
